img1,img2,label
neutral\joe_biden\000022.jpg,masked\joe_biden_wearing_mask\000003.jpg,1
neutral\bernard_arnault\000023.jpg,masked\bernard_arnault_wearing_mask\000003.jpg,1
neutral\simona_halep\000004.jpg,masked\jimmy_butler_wearing_mask\000002.jpg,0
neutral\elizabeth_warren\000014.jpg,masked\elizabeth_warren_wearing_mask\000001.jpg,1
neutral\patrick_wilson\000036.jpg,sunglasses\patrick_wilson_wearing_sunglasses\000001.jpg,1
neutral\jon_favreau\000019.jpg,sunglasses\jon_favreau_wearing_sunglasses\000005.jpg,1
neutral\patty_murray\000009.jpg,sunglasses\gary_peters_wearing_sunglasses\000002.jpg,0
neutral\alain_delon\000003.jpg,masked\sebastian_vettel_wearing_mask\000006.jpg,0
neutral\petra_kvitova\000002.jpg,masked\iga_swiatek_wearing_mask\000001.jpg,0
neutral\fahrettin_koca\000006.jpg,masked\fahrettin_koca_wearing_mask\000002.jpg,1
neutral\david_alaba\000003.jpg,sunglasses\kylian_mbappe_wearing_sunglasses\000007.jpg,0
neutral\jeff_bridges\000010.jpg,sunglasses\jeff_bridges_wearing_sunglasses\000012.jpg,1
neutral\russell_crowe\000006.jpg,sunglasses\russell_crowe_wearing_sunglasses\000006.jpg,1
neutral\james_mcavoy\000001.jpg,sunglasses\lewis_hamilton_wearing_sunglasses\000002.jpg,0
neutral\lance_stroll\000020.jpg,sunglasses\lance_stroll_wearing_sunglasses\000003.jpg,1
neutral\jayson_tatum\000010.jpg,sunglasses\alain_delon_wearing_sunglasses\000007.jpg,0
neutral\colin_firth\000029.jpg,sunglasses\colin_firth_wearing_sunglasses\000017.jpg,1
neutral\russell_crowe\000008.jpg,masked\daniil_medvedev_wearing_mask\000001.jpg,0
neutral\tom_hiddleston\000003.jpg,masked\cory_booker_wearing_mask\000001.jpg,0
neutral\anthony_mackie\000018.jpg,sunglasses\mel_gibson_wearing_sunglasses\000003.jpg,0
neutral\nicole_kidman\000009.jpg,masked\virgil_van_dijk_wearing_mask\000001.jpg,0
neutral\jennifer_lawrence\000030.jpg,sunglasses\justin_trudeau_wearing_sunglasses\000007.jpg,0
neutral\alain_delon\000004.jpg,sunglasses\manuel_neuer_wearing_sunglasses\000003.jpg,0
neutral\michael_douglas\000006.jpg,sunglasses\bryce_dallas_howard_wearing_sunglasses\000004.jpg,0
neutral\mark_zuckerberg\000023.jpg,masked\mark_zuckerberg_wearing_mask\000001.jpg,1
neutral\joe_biden\000009.jpg,sunglasses\joe_biden_wearing_sunglasses\000007.jpg,1
neutral\novak_djokovic\000018.jpg,sunglasses\charles_leclerc_wearing_sunglasses\000011.jpg,0
neutral\joe_biden\000026.jpg,sunglasses\chris_evans_wearing_sunglasses\000030.jpg,0
neutral\anthony_davis\000017.jpg,masked\anthony_davis_wearing_mask\000001.jpg,1
neutral\donald_trump\000011.jpg,sunglasses\brad_pitt_wearing_sunglasses\000004.jpg,0
neutral\petra_kvitova\000011.jpg,masked\petra_kvitova_wearing_mask\000010.jpg,1
neutral\bruce_willis\000003.jpg,sunglasses\bruce_willis_wearing_sunglasses\000009.jpg,1
neutral\jason_momoa\000020.jpg,sunglasses\jason_momoa_wearing_sunglasses\000013.jpg,1
neutral\lebron_james\000007.jpg,masked\lebron_james_wearing_mask\000001.jpg,1
neutral\edward_norton\000009.jpg,masked\rafael_nadal_wearing_mask\000004.jpg,0
neutral\george_russell\000020.jpg,sunglasses\george_russell_wearing_sunglasses\000012.jpg,1
neutral\george_russell\000025.jpg,sunglasses\george_russell_wearing_sunglasses\000007.jpg,1
neutral\jake_gyllenhaal\000011.jpg,sunglasses\daniel_ricciardo_wearing_sunglasses\000006.jpg,0
neutral\guiseppe_marotta\000001.jpg,masked\guiseppe_marotta_wearing_mask\000001.jpg,1
neutral\robin_williams\000006.jpg,sunglasses\victoria_azarenka_wearing_sunglasses\000001.jpg,0
neutral\manuel_neuer\000015.jpg,sunglasses\tom_hanks_wearing_sunglasses\000006.jpg,0
neutral\gary_peters\000037.jpg,masked\gary_peters_wearing_mask\000004.jpg,1
neutral\russell_crowe\000007.jpg,sunglasses\russell_crowe_wearing_sunglasses\000002.jpg,1
neutral\bill_gates\000019.jpg,masked\bill_gates_wearing_mask\000001.jpg,1
neutral\guiseppe_marotta\000002.jpg,sunglasses\bill_gates_wearing_sunglasses\000002.jpg,0
neutral\zendaya\000030.jpg,sunglasses\zendaya_wearing_sunglasses\000006.jpg,1
neutral\brie_larson\000036.jpg,sunglasses\brie_larson_wearing_sunglasses\000024.jpg,1
neutral\gary_peters\000026.jpg,sunglasses\tom_cruise_wearing_sunglasses\000010.jpg,0
neutral\russell_crowe\000004.jpg,masked\fernando_alonso_wearing_mask\000001.jpg,0
neutral\ben_mendelsohn\000062.jpg,sunglasses\ben_mendelsohn_wearing_sunglasses\000006.jpg,1
neutral\russell_crowe\000005.jpg,masked\naomi_osaka_wearing_mask\000004.jpg,0
neutral\james_mcavoy\000044.jpg,sunglasses\colin_farell_wearing_sunglasses\000019.jpg,0
neutral\al_pacino\000011.jpg,sunglasses\nicolas_cage_wearing_sunglasses\000016.jpg,0
neutral\tom_hardy\000014.jpg,masked\amy_klobuchar_wearing_mask\000004.jpg,0
neutral\alain_delon\000010.jpg,sunglasses\alain_delon_wearing_sunglasses\000001.jpg,1
neutral\roger_federer\000032.jpg,masked\roger_federer_wearing_mask\000001.jpg,1
neutral\jon_favreau\000054.jpg,sunglasses\jeff_bridges_wearing_sunglasses\000002.jpg,0
neutral\lionel_messi\000021.jpg,masked\chuck_schumer_wearing_mask\000004.jpg,0
neutral\kylian_mbappe\000021.jpg,sunglasses\kylian_mbappe_wearing_sunglasses\000006.jpg,1
neutral\christian_bale\000017.jpg,masked\virgil_van_dijk_wearing_mask\000001.jpg,0
neutral\joe_biden\000016.jpg,masked\joe_biden_wearing_mask\000002.jpg,1
neutral\tom_cruise\000016.jpg,sunglasses\tom_cruise_wearing_sunglasses\000016.jpg,1
neutral\bernard_arnault\000026.jpg,sunglasses\colin_farell_wearing_sunglasses\000001.jpg,0
neutral\christian_bale\000021.jpg,sunglasses\serena_williams_wearing_sunglasses\000007.jpg,0
neutral\bernard_arnault\000012.jpg,masked\chuck_schumer_wearing_mask\000012.jpg,0
neutral\jennifer_lawrence\000014.jpg,masked\lance_stroll_wearing_mask\000005.jpg,0
neutral\zlatan_ibrahimovic\000002.jpg,sunglasses\jon_favreau_wearing_sunglasses\000001.jpg,0
neutral\alexander_zverev\000019.jpg,sunglasses\alexander_zverev_wearing_sunglasses\000001.jpg,1
neutral\nikita_mazepin\000003.jpg,sunglasses\paul_bettany_wearing_sunglasses\000003.jpg,0
neutral\benedict_cumberbatch\000040.jpg,sunglasses\benedict_cumberbatch_wearing_sunglasses\000025.jpg,1
neutral\kamala_haris\000006.jpg,masked\kamala_haris_wearing_mask\000015.jpg,1
neutral\bruno_fernandes\000022.jpg,sunglasses\jimmy_butler_wearing_sunglasses\000006.jpg,0
neutral\thomas_muller\000025.jpg,sunglasses\thomas_muller_wearing_sunglasses\000001.jpg,1
neutral\dwayne_johnson\000002.jpg,sunglasses\stefanos_tsitsipas_wearing_sunglasses\000002.jpg,0
neutral\emilia_clarke\000029.jpg,sunglasses\emilia_clarke_wearing_sunglasses\000031.jpg,1
neutral\pom_klementieff\000010.jpg,masked\bernard_arnault_wearing_mask\000001.jpg,0
neutral\josh_brolin\000018.jpg,sunglasses\benedict_cumberbatch_wearing_sunglasses\000024.jpg,0
neutral\donnie_yen\000002.jpg,sunglasses\donnie_yen_wearing_sunglasses\000028.jpg,1
neutral\charles_leclerc\000030.jpg,masked\charles_leclerc_wearing_mask\000002.jpg,1
neutral\leonardo_dicaprio\000023.jpg,sunglasses\leonardo_dicaprio_wearing_sunglasses\000003.jpg,1
neutral\anthony_mackie\000023.jpg,masked\mark_zuckerberg_wearing_mask\000001.jpg,0
neutral\patrick_wilson\000059.jpg,sunglasses\jason_momoa_wearing_sunglasses\000019.jpg,0
neutral\rami_malek\000018.jpg,masked\simona_halep_wearing_mask\000001.jpg,0
neutral\jamie_lee_curtis\000030.jpg,sunglasses\jamie_lee_curtis_wearing_sunglasses\000010.jpg,1
neutral\tom_hanks\000016.jpg,sunglasses\tom_hanks_wearing_sunglasses\000010.jpg,1
neutral\fernando_alonso\000023.jpg,masked\fernando_alonso_wearing_mask\000001.jpg,1
neutral\james_mcavoy\000024.jpg,sunglasses\stefanos_tsitsipas_wearing_sunglasses\000002.jpg,0
neutral\gary_peters\000004.jpg,sunglasses\gary_peters_wearing_sunglasses\000001.jpg,1
neutral\donnie_yen\000022.jpg,masked\joshua_kimmich_wearing_mask\000003.jpg,0
neutral\debbie_stabenow\000001.jpg,masked\debbie_stabenow_wearing_mask\000001.jpg,1
neutral\mahershala_ali\000035.jpg,sunglasses\willem_dafoe_wearing_sunglasses\000005.jpg,0
neutral\karim_benzema\000019.jpg,sunglasses\simon_pegg_wearing_sunglasses\000006.jpg,0
neutral\johnny_depp\000004.jpg,sunglasses\johnny_depp_wearing_sunglasses\000010.jpg,1
neutral\iga_swiatek\000010.jpg,masked\chuck_schumer_wearing_mask\000010.jpg,0
neutral\novak_djokovic\000018.jpg,masked\novak_djokovic_wearing_mask\000001.jpg,1
neutral\robert_pattinson\000009.jpg,sunglasses\antonio_banderas_wearing_sunglasses\000008.jpg,0
neutral\colin_farell\000057.jpg,sunglasses\colin_farell_wearing_sunglasses\000015.jpg,1
neutral\paul_rudd\000046.jpg,sunglasses\amber_heard_wearing_sunglasses\000003.jpg,0
neutral\dave_bautista\000014.jpg,masked\thomas_muller_wearing_mask\000004.jpg,0
neutral\david_alaba\000019.jpg,masked\david_alaba_wearing_mask\000002.jpg,1
neutral\anthony_davis\000003.jpg,sunglasses\anthony_davis_wearing_sunglasses\000002.jpg,1
neutral\yuki_tsunoda\000020.jpg,masked\yuki_tsunoda_wearing_mask\000004.jpg,1
neutral\kylian_mbappe\000007.jpg,sunglasses\michael_keaton_wearing_sunglasses\000003.jpg,0
neutral\jayson_tatum\000010.jpg,masked\jayson_tatum_wearing_mask\000001.jpg,1
neutral\jeremy_renner\000017.jpg,masked\patty_murray_wearing_mask\000005.jpg,0
neutral\sebastian_stan\000036.jpg,sunglasses\sebastian_stan_wearing_sunglasses\000002.jpg,1
neutral\paul_rudd\000058.jpg,sunglasses\paul_rudd_wearing_sunglasses\000011.jpg,1
neutral\naomi_osaka\000023.jpg,masked\naomi_osaka_wearing_mask\000019.jpg,1
neutral\charles_leclerc\000031.jpg,masked\charles_leclerc_wearing_mask\000003.jpg,1
neutral\naomi_scott\000033.jpg,sunglasses\zlatan_ibrahimovic_wearing_sunglasses\000013.jpg,0
neutral\ed_harris\000006.jpg,masked\mohamed_salah_wearing_mask\000003.jpg,0
neutral\margot_robbie\000050.jpg,sunglasses\margot_robbie_wearing_sunglasses\000007.jpg,1
neutral\liam_neeson\000030.jpg,sunglasses\michael_keaton_wearing_sunglasses\000001.jpg,0
neutral\naomi_scott\000036.jpg,sunglasses\naomi_scott_wearing_sunglasses\000005.jpg,1
neutral\ilhan_omar\000033.jpg,masked\fernando_alonso_wearing_mask\000002.jpg,0
neutral\samuel_l._jackson\000060.jpg,sunglasses\jeff_bridges_wearing_sunglasses\000009.jpg,0
neutral\liam_neeson\000016.jpg,sunglasses\liam_neeson_wearing_sunglasses\000013.jpg,1
neutral\stefanos_tsitsipas\000016.jpg,masked\cory_booker_wearing_mask\000001.jpg,0
neutral\daniil_medvedev\000003.jpg,sunglasses\nicolas_cage_wearing_sunglasses\000012.jpg,0
neutral\sebastian_vettel\000019.jpg,masked\sebastian_vettel_wearing_mask\000004.jpg,1
neutral\justin_trudeau\000023.jpg,sunglasses\justin_trudeau_wearing_sunglasses\000004.jpg,1
neutral\emilia_clarke\000054.jpg,sunglasses\emilia_clarke_wearing_sunglasses\000022.jpg,1
neutral\neymar\000027.jpg,masked\stefanos_tsitsipas_wearing_mask\000002.jpg,0
neutral\dominic_thiem\000001.jpg,masked\dominic_thiem_wearing_mask\000001.jpg,1
neutral\alain_delon\000012.jpg,sunglasses\jon_favreau_wearing_sunglasses\000005.jpg,0
neutral\amy_klobuchar\000014.jpg,masked\amy_klobuchar_wearing_mask\000007.jpg,1
neutral\amy_klobuchar\000012.jpg,masked\chuck_schumer_wearing_mask\000018.jpg,0
neutral\lebron_james\000017.jpg,masked\manuel_neuer_wearing_mask\000003.jpg,0
neutral\jeremy_renner\000032.jpg,sunglasses\jeremy_renner_wearing_sunglasses\000004.jpg,1
neutral\donald_trump\000018.jpg,masked\donald_trump_wearing_mask\000004.jpg,1
neutral\dick_durbin\000002.jpg,sunglasses\liam_neeson_wearing_sunglasses\000020.jpg,0
neutral\manuel_neuer\000012.jpg,masked\manuel_neuer_wearing_mask\000004.jpg,1
neutral\neymar\000004.jpg,masked\neymar_wearing_mask\000007.jpg,1
neutral\alexander_zverev\000007.jpg,masked\alexander_zverev_wearing_mask\000001.jpg,1
neutral\vin_diesel\000010.jpg,sunglasses\vin_diesel_wearing_sunglasses\000023.jpg,1
neutral\samuel_l._jackson\000010.jpg,sunglasses\samuel_l._jackson_wearing_sunglasses\000005.jpg,1
neutral\jayson_tatum\000004.jpg,masked\elizabeth_warren_wearing_mask\000001.jpg,0
neutral\bill_gates\000005.jpg,sunglasses\t_j_miller_wearing_sunglasses\000002.jpg,0
neutral\chuck_schumer\000026.jpg,sunglasses\chuck_schumer_wearing_sunglasses\000001.jpg,1
neutral\adrien_brody\000014.jpg,sunglasses\adrien_brody_wearing_sunglasses\000006.jpg,1
neutral\don_cheadle\000032.jpg,sunglasses\rafael_nadal_wearing_sunglasses\000004.jpg,0
neutral\joshua_kimmich\000007.jpg,masked\joshua_kimmich_wearing_mask\000002.jpg,1
neutral\gary_peters\000014.jpg,masked\gary_peters_wearing_mask\000002.jpg,1
neutral\ed_harris\000014.jpg,sunglasses\jared_leto_wearing_sunglasses\000006.jpg,0
neutral\andrey_rublev\000002.jpg,sunglasses\zlatan_ibrahimovic_wearing_sunglasses\000003.jpg,0
neutral\lebron_james\000008.jpg,sunglasses\justin_trudeau_wearing_sunglasses\000005.jpg,0
neutral\nick_nolte\000002.jpg,masked\stefanos_tsitsipas_wearing_mask\000002.jpg,0
neutral\michael_douglas\000009.jpg,sunglasses\serena_williams_wearing_sunglasses\000006.jpg,0
neutral\neymar\000024.jpg,sunglasses\serena_williams_wearing_sunglasses\000004.jpg,0
neutral\morgan_freeman\000002.jpg,masked\guiseppe_marotta_wearing_mask\000001.jpg,0
neutral\tom_hanks\000016.jpg,sunglasses\samuel_l._jackson_wearing_sunglasses\000019.jpg,0
neutral\daniel_ricciardo\000006.jpg,masked\manuel_neuer_wearing_mask\000004.jpg,0
neutral\nicole_kidman\000012.jpg,sunglasses\dwayne_johnson_wearing_sunglasses\000040.jpg,0
neutral\john_goodman\000010.jpg,sunglasses\john_goodman_wearing_sunglasses\000009.jpg,1
neutral\alexander_zverev\000013.jpg,sunglasses\alexander_zverev_wearing_sunglasses\000002.jpg,1
neutral\adrien_brody\000006.jpg,sunglasses\adrien_brody_wearing_sunglasses\000009.jpg,1
neutral\andrey_rublev\000007.jpg,sunglasses\george_russell_wearing_sunglasses\000009.jpg,0
neutral\jack_black\000043.jpg,masked\donald_trump_wearing_mask\000006.jpg,0
neutral\chris_pratt\000045.jpg,sunglasses\chris_pratt_wearing_sunglasses\000010.jpg,1
neutral\kevin_costner\000008.jpg,sunglasses\chris_hemsworth_wearing_sunglasses\000035.jpg,0
neutral\sebastian_stan\000029.jpg,sunglasses\sebastian_stan_wearing_sunglasses\000024.jpg,1
neutral\bruno_fernandes\000026.jpg,sunglasses\bruno_fernandes_wearing_sunglasses\000001.jpg,1
neutral\fernando_alonso\000017.jpg,masked\fernando_alonso_wearing_mask\000001.jpg,1
neutral\bryce_dallas_howard\000018.jpg,sunglasses\bryce_dallas_howard_wearing_sunglasses\000006.jpg,1
neutral\willem_dafoe\000004.jpg,sunglasses\willem_dafoe_wearing_sunglasses\000006.jpg,1
neutral\patty_murray\000015.jpg,masked\virgil_van_dijk_wearing_mask\000001.jpg,0
neutral\justin_theroux\000015.jpg,sunglasses\brie_larson_wearing_sunglasses\000019.jpg,0
neutral\giannis_antetokounmpo\000005.jpg,masked\giannis_antetokounmpo_wearing_mask\000001.jpg,1
neutral\rafael_nadal\000015.jpg,masked\lewis_hamilton_wearing_mask\000013.jpg,0
neutral\margot_robbie\000058.jpg,sunglasses\nikita_mazepin_wearing_sunglasses\000002.jpg,0
neutral\al_pacino\000001.jpg,sunglasses\al_pacino_wearing_sunglasses\000010.jpg,1
neutral\alain_delon\000002.jpg,sunglasses\alain_delon_wearing_sunglasses\000006.jpg,1
neutral\jennifer_lawrence\000005.jpg,sunglasses\dave_bautista_wearing_sunglasses\000020.jpg,0
neutral\guiseppe_marotta\000020.jpg,sunglasses\guiseppe_marotta_wearing_sunglasses\000010.jpg,1
neutral\mark_warner\000024.jpg,masked\mark_zuckerberg_wearing_mask\000001.jpg,0
neutral\dwayne_johnson\000012.jpg,sunglasses\dwayne_johnson_wearing_sunglasses\000017.jpg,1
neutral\naomi_scott\000002.jpg,sunglasses\jennifer_lawrence_wearing_sunglasses\000010.jpg,0
neutral\fahrettin_koca\000016.jpg,masked\fahrettin_koca_wearing_mask\000001.jpg,1
neutral\zendaya\000022.jpg,sunglasses\zendaya_wearing_sunglasses\000001.jpg,1
neutral\tom_cruise\000015.jpg,masked\lebron_james_wearing_mask\000003.jpg,0
neutral\novak_djokovic\000019.jpg,masked\novak_djokovic_wearing_mask\000005.jpg,1
neutral\vin_diesel\000005.jpg,sunglasses\vin_diesel_wearing_sunglasses\000005.jpg,1
neutral\nick_nolte\000005.jpg,sunglasses\meryl_streep_wearing_sunglasses\000016.jpg,0
neutral\bill_gates\000026.jpg,sunglasses\lionel_messi_wearing_sunglasses\000001.jpg,0
neutral\dominic_thiem\000001.jpg,masked\dominic_thiem_wearing_mask\000001.jpg,1
neutral\bruce_willis\000010.jpg,sunglasses\bruce_willis_wearing_sunglasses\000004.jpg,1
neutral\manuel_neuer\000014.jpg,sunglasses\manuel_neuer_wearing_sunglasses\000004.jpg,1
neutral\bill_gates\000030.jpg,sunglasses\zlatan_ibrahimovic_wearing_sunglasses\000010.jpg,0
neutral\yuki_tsunoda\000014.jpg,masked\yuki_tsunoda_wearing_mask\000002.jpg,1
neutral\robert_downey_jr\000052.jpg,masked\virgil_van_dijk_wearing_mask\000001.jpg,0
neutral\joaquin_phoenix\000016.jpg,sunglasses\joaquin_phoenix_wearing_sunglasses\000005.jpg,1
neutral\daniil_medvedev\000002.jpg,masked\daniil_medvedev_wearing_mask\000002.jpg,1
neutral\karen_gillan\000022.jpg,sunglasses\kevin_spacey_wearing_sunglasses\000019.jpg,0
neutral\kevin_spacey\000015.jpg,masked\mark_zuckerberg_wearing_mask\000001.jpg,0
neutral\neymar\000026.jpg,masked\neymar_wearing_mask\000003.jpg,1
neutral\colin_firth\000011.jpg,sunglasses\colin_firth_wearing_sunglasses\000016.jpg,1
neutral\chuck_schumer\000010.jpg,masked\chuck_schumer_wearing_mask\000014.jpg,1
neutral\josh_brolin\000005.jpg,sunglasses\tom_hardy_wearing_sunglasses\000002.jpg,0
neutral\tom_hardy\000019.jpg,sunglasses\tom_hardy_wearing_sunglasses\000010.jpg,1
neutral\zendaya\000016.jpg,sunglasses\vin_diesel_wearing_sunglasses\000014.jpg,0
neutral\lionel_messi\000008.jpg,masked\lionel_messi_wearing_mask\000001.jpg,1
neutral\fernando_alonso\000019.jpg,sunglasses\fernando_alonso_wearing_sunglasses\000007.jpg,1
neutral\jack_nicholson\000001.jpg,sunglasses\lewis_hamilton_wearing_sunglasses\000011.jpg,0
neutral\debbie_stabenow\000022.jpg,masked\debbie_stabenow_wearing_mask\000004.jpg,1
neutral\lance_stroll\000017.jpg,masked\lance_stroll_wearing_mask\000005.jpg,1
neutral\anthony_davis\000013.jpg,sunglasses\anthony_davis_wearing_sunglasses\000004.jpg,1
neutral\manuel_neuer\000015.jpg,masked\manuel_neuer_wearing_mask\000001.jpg,1
neutral\guiseppe_marotta\000030.jpg,masked\guiseppe_marotta_wearing_mask\000001.jpg,1
neutral\emily_blunt\000005.jpg,sunglasses\emily_blunt_wearing_sunglasses\000013.jpg,1
neutral\idris_elba\000016.jpg,sunglasses\idris_elba_wearing_sunglasses\000008.jpg,1
neutral\anne_hathaway\000005.jpg,masked\joe_biden_wearing_mask\000012.jpg,0
neutral\michael_keaton\000006.jpg,sunglasses\michael_keaton_wearing_sunglasses\000001.jpg,1
neutral\george_clooney\000005.jpg,sunglasses\paul_bettany_wearing_sunglasses\000024.jpg,0
neutral\elizabeth_warren\000009.jpg,masked\elizabeth_warren_wearing_mask\000001.jpg,1
neutral\antonio_banderas\000004.jpg,sunglasses\antonio_banderas_wearing_sunglasses\000007.jpg,1
neutral\bruce_willis\000001.jpg,sunglasses\bruce_willis_wearing_sunglasses\000006.jpg,1
neutral\donnie_yen\000024.jpg,sunglasses\ed_skrein_wearing_sunglasses\000009.jpg,0
neutral\esteban_ocon\000008.jpg,masked\andrey_rublev_wearing_mask\000004.jpg,0
neutral\jeremy_renner\000018.jpg,sunglasses\lebron_james_wearing_sunglasses\000006.jpg,0
neutral\petra_kvitova\000010.jpg,sunglasses\petra_kvitova_wearing_sunglasses\000001.jpg,1
neutral\jason_momoa\000021.jpg,sunglasses\jason_momoa_wearing_sunglasses\000019.jpg,1
neutral\elizabeth_warren\000008.jpg,sunglasses\elizabeth_warren_wearing_sunglasses\000003.jpg,1
neutral\naomi_osaka\000005.jpg,masked\naomi_osaka_wearing_mask\000021.jpg,1
neutral\anthony_mackie\000020.jpg,sunglasses\kylian_mbappe_wearing_sunglasses\000007.jpg,0
neutral\johnny_depp\000007.jpg,sunglasses\harrison_ford_wearing_sunglasses\000004.jpg,0
neutral\jayson_tatum\000005.jpg,sunglasses\justin_theroux_wearing_sunglasses\000001.jpg,0
neutral\lewis_hamilton\000011.jpg,sunglasses\lewis_hamilton_wearing_sunglasses\000004.jpg,1
neutral\roger_federer\000022.jpg,masked\roger_federer_wearing_mask\000002.jpg,1
neutral\denzel_washington\000011.jpg,masked\dominic_thiem_wearing_mask\000001.jpg,0
neutral\giannis_antetokounmpo\000006.jpg,sunglasses\mel_gibson_wearing_sunglasses\000017.jpg,0
neutral\george_russell\000012.jpg,masked\george_russell_wearing_mask\000006.jpg,1
neutral\recep_tayip_erdogan\000001.jpg,sunglasses\virgil_van_dijk_wearing_sunglasses\000011.jpg,0
neutral\cory_booker\000013.jpg,masked\cory_booker_wearing_mask\000003.jpg,1
neutral\mahershala_ali\000044.jpg,sunglasses\mahershala_ali_wearing_sunglasses\000011.jpg,1
neutral\george_clooney\000006.jpg,masked\neymar_wearing_mask\000004.jpg,0
neutral\kevin_costner\000009.jpg,masked\rafael_nadal_wearing_mask\000001.jpg,0
neutral\nick_nolte\000003.jpg,sunglasses\nick_nolte_wearing_sunglasses\000007.jpg,1
neutral\anthony_davis\000022.jpg,sunglasses\nick_jonas_wearing_sunglasses\000020.jpg,0
neutral\arnold_schwarzenegger\000002.jpg,sunglasses\arnold_schwarzenegger_wearing_sunglasses\000016.jpg,1
neutral\samuel_l._jackson\000050.jpg,sunglasses\johnny_depp_wearing_sunglasses\000010.jpg,0
neutral\thomas_muller\000001.jpg,masked\thomas_muller_wearing_mask\000005.jpg,1
neutral\christopher_walken\000003.jpg,sunglasses\bryce_dallas_howard_wearing_sunglasses\000004.jpg,0
neutral\bernie_sanders\000013.jpg,sunglasses\esteban_ocon_wearing_sunglasses\000005.jpg,0
neutral\steve_buscemi\000014.jpg,masked\yuki_tsunoda_wearing_mask\000005.jpg,0
neutral\t_j_miller\000002.jpg,sunglasses\t_j_miller_wearing_sunglasses\000004.jpg,1
neutral\antonio_banderas\000006.jpg,sunglasses\james_mcavoy_wearing_sunglasses\000017.jpg,0
neutral\emily_blunt\000030.jpg,masked\naomi_osaka_wearing_mask\000005.jpg,0
neutral\steve_buscemi\000025.jpg,sunglasses\justin_trudeau_wearing_sunglasses\000001.jpg,0
neutral\liam_neeson\000041.jpg,masked\andrey_rublev_wearing_mask\000004.jpg,0
neutral\alexander_zverev\000005.jpg,masked\alexander_zverev_wearing_mask\000001.jpg,1
neutral\bryce_dallas_howard\000022.jpg,masked\chuck_schumer_wearing_mask\000005.jpg,0
neutral\fernando_alonso\000020.jpg,masked\fernando_alonso_wearing_mask\000002.jpg,1
neutral\mark_ruffalo\000010.jpg,sunglasses\john_boyega_wearing_sunglasses\000004.jpg,0
neutral\idris_elba\000013.jpg,sunglasses\idris_elba_wearing_sunglasses\000006.jpg,1
neutral\debbie_stabenow\000033.jpg,sunglasses\amber_heard_wearing_sunglasses\000009.jpg,0
neutral\dick_durbin\000005.jpg,masked\dick_durbin_wearing_mask\000006.jpg,1
neutral\john_boyega\000054.jpg,sunglasses\john_boyega_wearing_sunglasses\000005.jpg,1
neutral\tom_hanks\000016.jpg,masked\joshua_kimmich_wearing_mask\000008.jpg,0
neutral\colin_firth\000008.jpg,sunglasses\colin_firth_wearing_sunglasses\000011.jpg,1
neutral\virgil_van_dijk\000023.jpg,sunglasses\bill_gates_wearing_sunglasses\000001.jpg,0
neutral\hasan_salihamidzic\000012.jpg,sunglasses\hasan_salihamidzic_wearing_sunglasses\000002.jpg,1
neutral\george_russell\000014.jpg,masked\george_russell_wearing_mask\000001.jpg,1
neutral\george_russell\000012.jpg,sunglasses\michael_b_jordan_wearing_sunglasses\000012.jpg,0
neutral\matt_damon\000022.jpg,sunglasses\benedict_cumberbatch_wearing_sunglasses\000041.jpg,0
neutral\immanuel_macron\000012.jpg,masked\immanuel_macron_wearing_mask\000020.jpg,1
neutral\bernard_arnault\000025.jpg,masked\bernard_arnault_wearing_mask\000001.jpg,1
neutral\john_travolta\000012.jpg,sunglasses\john_travolta_wearing_sunglasses\000010.jpg,1
neutral\james_harden\000019.jpg,masked\giannis_antetokounmpo_wearing_mask\000002.jpg,0
neutral\simona_halep\000022.jpg,sunglasses\emilia_clarke_wearing_sunglasses\000022.jpg,0
neutral\justin_theroux\000012.jpg,masked\yuki_tsunoda_wearing_mask\000001.jpg,0
neutral\russell_crowe\000007.jpg,sunglasses\russell_crowe_wearing_sunglasses\000002.jpg,1
neutral\steve_buscemi\000025.jpg,sunglasses\steve_buscemi_wearing_sunglasses\000002.jpg,1
neutral\willem_dafoe\000008.jpg,masked\jayson_tatum_wearing_mask\000001.jpg,0
neutral\david_alaba\000022.jpg,masked\daniil_medvedev_wearing_mask\000001.jpg,0
neutral\esteban_ocon\000007.jpg,masked\esteban_ocon_wearing_mask\000002.jpg,1
neutral\dick_durbin\000031.jpg,masked\dick_durbin_wearing_mask\000005.jpg,1
neutral\jared_leto\000003.jpg,sunglasses\jared_leto_wearing_sunglasses\000007.jpg,1
neutral\debbie_stabenow\000008.jpg,masked\debbie_stabenow_wearing_mask\000003.jpg,1
neutral\petra_kvitova\000008.jpg,sunglasses\michael_keaton_wearing_sunglasses\000002.jpg,0
neutral\daniil_medvedev\000002.jpg,sunglasses\russell_crowe_wearing_sunglasses\000007.jpg,0
neutral\chris_hemsworth\000009.jpg,sunglasses\chris_hemsworth_wearing_sunglasses\000054.jpg,1
neutral\jason_momoa\000015.jpg,sunglasses\tom_hanks_wearing_sunglasses\000002.jpg,0
neutral\willem_dafoe\000024.jpg,sunglasses\gary_peters_wearing_sunglasses\000001.jpg,0
neutral\jake_gyllenhaal\000004.jpg,sunglasses\jake_gyllenhaal_wearing_sunglasses\000023.jpg,1
neutral\lewis_hamilton\000004.jpg,masked\lewis_hamilton_wearing_mask\000005.jpg,1
neutral\fahrettin_koca\000003.jpg,sunglasses\recep_tayip_erdogan_wearing_sunglasses\000004.jpg,0
neutral\kevin_bacon\000013.jpg,sunglasses\kevin_bacon_wearing_sunglasses\000003.jpg,1
neutral\tom_hardy\000004.jpg,sunglasses\tom_hardy_wearing_sunglasses\000012.jpg,1
neutral\sebastian_stan\000028.jpg,sunglasses\justin_trudeau_wearing_sunglasses\000005.jpg,0
neutral\jack_nicholson\000002.jpg,sunglasses\alexander_zverev_wearing_sunglasses\000002.jpg,0
neutral\nick_jonas\000004.jpg,sunglasses\nick_jonas_wearing_sunglasses\000014.jpg,1
neutral\harrison_ford\000004.jpg,masked\joshua_kimmich_wearing_mask\000003.jpg,0
neutral\josh_brolin\000004.jpg,sunglasses\josh_brolin_wearing_sunglasses\000001.jpg,1
neutral\jamie_lee_curtis\000028.jpg,sunglasses\jamie_lee_curtis_wearing_sunglasses\000014.jpg,1
neutral\manuel_neuer\000027.jpg,masked\manuel_neuer_wearing_mask\000002.jpg,1
neutral\patrick_leahy\000009.jpg,sunglasses\john_goodman_wearing_sunglasses\000005.jpg,0
neutral\steve_buscemi\000025.jpg,sunglasses\steve_buscemi_wearing_sunglasses\000006.jpg,1
neutral\chuck_schumer\000022.jpg,masked\chuck_schumer_wearing_mask\000022.jpg,1
neutral\simon_pegg\000059.jpg,sunglasses\russell_crowe_wearing_sunglasses\000003.jpg,0
neutral\arnold_schwarzenegger\000002.jpg,sunglasses\emilia_clarke_wearing_sunglasses\000003.jpg,0
neutral\kevin_costner\000008.jpg,sunglasses\karim_benzema_wearing_sunglasses\000002.jpg,0
neutral\nick_nolte\000001.jpg,masked\bernie_sanders_wearing_mask\000010.jpg,0
neutral\emilia_clarke\000016.jpg,sunglasses\michelle_pfeiffer_wearing_sunglasses\000009.jpg,0
neutral\nick_jonas\000003.jpg,sunglasses\bruce_willis_wearing_sunglasses\000001.jpg,0
neutral\antonio_banderas\000011.jpg,masked\simona_halep_wearing_mask\000002.jpg,0
neutral\fernando_alonso\000013.jpg,masked\recep_tayip_erdogan_wearing_mask\000004.jpg,0
neutral\neymar\000024.jpg,masked\neymar_wearing_mask\000002.jpg,1
neutral\kylian_mbappe\000012.jpg,masked\kylian_mbappe_wearing_mask\000003.jpg,1
neutral\ben_mendelsohn\000027.jpg,masked\naomi_osaka_wearing_mask\000021.jpg,0
neutral\immanuel_macron\000005.jpg,masked\immanuel_macron_wearing_mask\000028.jpg,1
neutral\robert_pattinson\000015.jpg,sunglasses\robert_pattinson_wearing_sunglasses\000021.jpg,1
neutral\al_pacino\000006.jpg,sunglasses\al_pacino_wearing_sunglasses\000001.jpg,1
neutral\michael_keaton\000002.jpg,sunglasses\michael_keaton_wearing_sunglasses\000012.jpg,1
neutral\colin_firth\000019.jpg,sunglasses\heath_ledger_wearing_sunglasses\000003.jpg,0
neutral\zlatan_ibrahimovic\000008.jpg,masked\zlatan_ibrahimovic_wearing_mask\000002.jpg,1
neutral\antonio_banderas\000006.jpg,sunglasses\ed_harris_wearing_sunglasses\000006.jpg,0
neutral\jeremy_renner\000045.jpg,masked\giannis_antetokounmpo_wearing_mask\000002.jpg,0
neutral\christopher_walken\000010.jpg,sunglasses\steve_buscemi_wearing_sunglasses\000007.jpg,0
neutral\charles_leclerc\000008.jpg,masked\bernie_sanders_wearing_mask\000003.jpg,0
neutral\kiki_bertens\000011.jpg,masked\dick_durbin_wearing_mask\000002.jpg,0
neutral\matt_damon\000022.jpg,sunglasses\james_mcavoy_wearing_sunglasses\000005.jpg,0
neutral\donald_trump\000030.jpg,masked\donald_trump_wearing_mask\000005.jpg,1
neutral\michelle_pfeiffer\000001.jpg,sunglasses\michelle_pfeiffer_wearing_sunglasses\000009.jpg,1
neutral\rami_malek\000014.jpg,sunglasses\mark_zuckerberg_wearing_sunglasses\000008.jpg,0
neutral\bernard_arnault\000022.jpg,sunglasses\virgil_van_dijk_wearing_sunglasses\000001.jpg,0
neutral\scarlett_johansson\000058.jpg,sunglasses\lance_stroll_wearing_sunglasses\000002.jpg,0
neutral\nicolas_cage\000016.jpg,sunglasses\naomi_scott_wearing_sunglasses\000003.jpg,0
neutral\dwayne_johnson\000001.jpg,sunglasses\dwayne_johnson_wearing_sunglasses\000024.jpg,1
neutral\bernie_sanders\000006.jpg,sunglasses\zlatan_ibrahimovic_wearing_sunglasses\000005.jpg,0
neutral\charles_leclerc\000027.jpg,sunglasses\charles_leclerc_wearing_sunglasses\000024.jpg,1
neutral\bernard_arnault\000001.jpg,masked\bernard_arnault_wearing_mask\000002.jpg,1
neutral\bill_gates\000010.jpg,masked\bill_gates_wearing_mask\000001.jpg,1
neutral\dick_durbin\000007.jpg,sunglasses\idris_elba_wearing_sunglasses\000006.jpg,0
neutral\andrey_rublev\000019.jpg,masked\andrey_rublev_wearing_mask\000002.jpg,1
neutral\george_clooney\000005.jpg,sunglasses\scarlett_johansson_wearing_sunglasses\000038.jpg,0
neutral\nicolas_cage\000009.jpg,sunglasses\ed_harris_wearing_sunglasses\000004.jpg,0
neutral\recep_tayip_erdogan\000004.jpg,sunglasses\joshua_kimmich_wearing_sunglasses\000001.jpg,0
neutral\guiseppe_marotta\000002.jpg,sunglasses\guiseppe_marotta_wearing_sunglasses\000010.jpg,1
neutral\pom_klementieff\000045.jpg,masked\joe_biden_wearing_mask\000021.jpg,0
neutral\chuck_schumer\000010.jpg,masked\chuck_schumer_wearing_mask\000011.jpg,1
neutral\ben_mendelsohn\000040.jpg,sunglasses\ben_mendelsohn_wearing_sunglasses\000016.jpg,1
neutral\bill_gates\000001.jpg,masked\jimmy_butler_wearing_mask\000001.jpg,0
neutral\patrick_wilson\000039.jpg,sunglasses\james_mcavoy_wearing_sunglasses\000005.jpg,0
neutral\emily_blunt\000027.jpg,sunglasses\carlos_sainz_wearing_sunglasses\000003.jpg,0
neutral\karen_gillan\000012.jpg,masked\diego_schwartzman_wearing_mask\000003.jpg,0
neutral\evangeline_lilly\000047.jpg,masked\fernando_alonso_wearing_mask\000002.jpg,0
neutral\t_j_miller\000012.jpg,sunglasses\lionel_messi_wearing_sunglasses\000004.jpg,0
neutral\steve_buscemi\000015.jpg,sunglasses\samuel_l._jackson_wearing_sunglasses\000004.jpg,0
neutral\dick_durbin\000006.jpg,masked\diego_schwartzman_wearing_mask\000001.jpg,0
neutral\naomi_osaka\000018.jpg,masked\naomi_osaka_wearing_mask\000042.jpg,1
neutral\michelle_williams\000006.jpg,masked\daniil_medvedev_wearing_mask\000002.jpg,0
neutral\virgil_van_dijk\000017.jpg,sunglasses\virgil_van_dijk_wearing_sunglasses\000005.jpg,1
neutral\woody_harrelson\000010.jpg,sunglasses\leonardo_dicaprio_wearing_sunglasses\000006.jpg,0
neutral\bill_gates\000019.jpg,masked\bill_gates_wearing_mask\000001.jpg,1
neutral\emily_blunt\000021.jpg,sunglasses\emily_blunt_wearing_sunglasses\000014.jpg,1
neutral\anthony_mackie\000003.jpg,sunglasses\anthony_mackie_wearing_sunglasses\000003.jpg,1
neutral\ed_harris\000001.jpg,masked\serena_williams_wearing_mask\000003.jpg,0
neutral\antonio_banderas\000005.jpg,sunglasses\antonio_banderas_wearing_sunglasses\000005.jpg,1
neutral\dominic_thiem\000001.jpg,masked\dominic_thiem_wearing_mask\000001.jpg,1
neutral\vin_diesel\000022.jpg,masked\virgil_van_dijk_wearing_mask\000001.jpg,0
neutral\steve_buscemi\000019.jpg,masked\manuel_neuer_wearing_mask\000002.jpg,0
neutral\mahershala_ali\000001.jpg,sunglasses\christopher_walken_wearing_sunglasses\000006.jpg,0
neutral\lewis_hamilton\000012.jpg,masked\esteban_ocon_wearing_mask\000001.jpg,0
neutral\ilhan_omar\000033.jpg,sunglasses\steve_buscemi_wearing_sunglasses\000003.jpg,0
neutral\anne_hathaway\000009.jpg,masked\immanuel_macron_wearing_mask\000025.jpg,0
neutral\jack_black\000012.jpg,masked\patrick_leahy_wearing_mask\000008.jpg,0
neutral\roger_federer\000001.jpg,sunglasses\roger_federer_wearing_sunglasses\000004.jpg,1
neutral\patty_murray\000024.jpg,masked\mohamed_salah_wearing_mask\000002.jpg,0
neutral\yuki_tsunoda\000006.jpg,sunglasses\mark_zuckerberg_wearing_sunglasses\000006.jpg,0
neutral\christopher_walken\000009.jpg,sunglasses\willem_dafoe_wearing_sunglasses\000008.jpg,0
neutral\edward_norton\000021.jpg,sunglasses\edward_norton_wearing_sunglasses\000002.jpg,1
neutral\hasan_salihamidzic\000004.jpg,sunglasses\emilia_clarke_wearing_sunglasses\000023.jpg,0
neutral\iga_swiatek\000005.jpg,masked\elizabeth_warren_wearing_mask\000002.jpg,0
neutral\alexander_zverev\000015.jpg,masked\alexander_zverev_wearing_mask\000001.jpg,1
neutral\daniel_ricciardo\000007.jpg,sunglasses\lewis_hamilton_wearing_sunglasses\000001.jpg,0
neutral\t_j_miller\000022.jpg,masked\mark_zuckerberg_wearing_mask\000001.jpg,0
neutral\amber_heard\000018.jpg,sunglasses\amber_heard_wearing_sunglasses\000004.jpg,1
neutral\jimmy_butler\000005.jpg,sunglasses\jimmy_butler_wearing_sunglasses\000002.jpg,1
neutral\mark_zuckerberg\000012.jpg,sunglasses\denzel_washington_wearing_sunglasses\000007.jpg,0
neutral\morgan_freeman\000007.jpg,masked\jimmy_butler_wearing_mask\000002.jpg,0
neutral\leonardo_dicaprio\000027.jpg,sunglasses\leonardo_dicaprio_wearing_sunglasses\000024.jpg,1
neutral\denzel_washington\000005.jpg,sunglasses\jennifer_lawrence_wearing_sunglasses\000042.jpg,0
neutral\lionel_messi\000007.jpg,sunglasses\emily_blunt_wearing_sunglasses\000007.jpg,0
neutral\karen_gillan\000008.jpg,sunglasses\karen_gillan_wearing_sunglasses\000013.jpg,1
neutral\immanuel_macron\000009.jpg,sunglasses\immanuel_macron_wearing_sunglasses\000002.jpg,1
neutral\nicolas_cage\000011.jpg,sunglasses\nicolas_cage_wearing_sunglasses\000004.jpg,1
neutral\al_pacino\000012.jpg,sunglasses\al_pacino_wearing_sunglasses\000006.jpg,1
neutral\rami_malek\000004.jpg,masked\amy_klobuchar_wearing_mask\000005.jpg,0
neutral\elizabeth_warren\000012.jpg,sunglasses\tom_hanks_wearing_sunglasses\000012.jpg,0
neutral\immanuel_macron\000018.jpg,sunglasses\immanuel_macron_wearing_sunglasses\000002.jpg,1
neutral\immanuel_macron\000018.jpg,masked\immanuel_macron_wearing_mask\000012.jpg,1
neutral\james_mcavoy\000007.jpg,masked\joshua_kimmich_wearing_mask\000005.jpg,0
neutral\amber_heard\000017.jpg,masked\lance_stroll_wearing_mask\000003.jpg,0
neutral\elizabeth_olsen\000069.jpg,sunglasses\elizabeth_olsen_wearing_sunglasses\000020.jpg,1
neutral\elizabeth_olsen\000065.jpg,sunglasses\bruce_willis_wearing_sunglasses\000005.jpg,0
neutral\evangeline_lilly\000022.jpg,sunglasses\michael_keaton_wearing_sunglasses\000008.jpg,0
neutral\ed_skrein\000021.jpg,masked\giannis_antetokounmpo_wearing_mask\000001.jpg,0
neutral\naomi_osaka\000027.jpg,sunglasses\idris_elba_wearing_sunglasses\000008.jpg,0
neutral\nick_nolte\000005.jpg,sunglasses\nick_nolte_wearing_sunglasses\000006.jpg,1
neutral\harrison_ford\000018.jpg,sunglasses\roger_federer_wearing_sunglasses\000004.jpg,0
neutral\val_kilmer\000004.jpg,sunglasses\val_kilmer_wearing_sunglasses\000001.jpg,1
neutral\ilhan_omar\000010.jpg,sunglasses\lewis_hamilton_wearing_sunglasses\000005.jpg,0
neutral\fahrettin_koca\000008.jpg,masked\fahrettin_koca_wearing_mask\000001.jpg,1
neutral\paul_rudd\000052.jpg,masked\elon_musk_wearing_mask\000002.jpg,0
neutral\stefanos_tsitsipas\000023.jpg,sunglasses\stefanos_tsitsipas_wearing_sunglasses\000001.jpg,1
neutral\iga_swiatek\000008.jpg,masked\iga_swiatek_wearing_mask\000001.jpg,1
neutral\bill_gates\000006.jpg,masked\daniil_medvedev_wearing_mask\000002.jpg,0
neutral\amber_heard\000018.jpg,sunglasses\benedict_cumberbatch_wearing_sunglasses\000002.jpg,0
neutral\kevin_spacey\000010.jpg,sunglasses\kevin_spacey_wearing_sunglasses\000023.jpg,1
neutral\elizabeth_warren\000014.jpg,masked\elizabeth_warren_wearing_mask\000001.jpg,1
neutral\manuel_neuer\000022.jpg,masked\manuel_neuer_wearing_mask\000001.jpg,1
neutral\immanuel_macron\000017.jpg,masked\debbie_stabenow_wearing_mask\000005.jpg,0
neutral\joe_manchin\000007.jpg,masked\joe_manchin_wearing_mask\000001.jpg,1
neutral\gary_peters\000021.jpg,sunglasses\gary_peters_wearing_sunglasses\000001.jpg,1
neutral\don_cheadle\000024.jpg,masked\dick_durbin_wearing_mask\000002.jpg,0
neutral\bruno_fernandes\000021.jpg,sunglasses\carlos_sainz_wearing_sunglasses\000007.jpg,0
neutral\guiseppe_marotta\000002.jpg,sunglasses\willem_dafoe_wearing_sunglasses\000006.jpg,0
neutral\james_mcavoy\000036.jpg,masked\kamala_haris_wearing_mask\000019.jpg,0
neutral\dick_durbin\000016.jpg,sunglasses\mark_zuckerberg_wearing_sunglasses\000009.jpg,0
neutral\mark_hamill\000006.jpg,sunglasses\jared_leto_wearing_sunglasses\000006.jpg,0
neutral\james_harden\000002.jpg,masked\james_harden_wearing_mask\000002.jpg,1
neutral\kevin_costner\000001.jpg,sunglasses\kevin_costner_wearing_sunglasses\000011.jpg,1
neutral\sebastian_vettel\000002.jpg,masked\elizabeth_warren_wearing_mask\000001.jpg,0
neutral\karim_benzema\000007.jpg,sunglasses\karim_benzema_wearing_sunglasses\000011.jpg,1
neutral\al_pacino\000009.jpg,masked\dominic_thiem_wearing_mask\000001.jpg,0
neutral\nicolas_cage\000013.jpg,sunglasses\nicolas_cage_wearing_sunglasses\000003.jpg,1
neutral\mark_hamill\000014.jpg,sunglasses\mark_hamill_wearing_sunglasses\000005.jpg,1
neutral\justin_trudeau\000031.jpg,sunglasses\john_boyega_wearing_sunglasses\000001.jpg,0
neutral\kamala_haris\000031.jpg,sunglasses\david_alaba_wearing_sunglasses\000001.jpg,0
neutral\carlos_sainz\000008.jpg,sunglasses\carlos_sainz_wearing_sunglasses\000005.jpg,1
neutral\mohamed_salah\000028.jpg,masked\mohamed_salah_wearing_mask\000002.jpg,1
neutral\nicole_kidman\000026.jpg,masked\patty_murray_wearing_mask\000005.jpg,0
neutral\jamie_lee_curtis\000026.jpg,masked\daniel_ricciardo_wearing_mask\000004.jpg,0
neutral\evangeline_lilly\000029.jpg,sunglasses\evangeline_lilly_wearing_sunglasses\000014.jpg,1
neutral\zendaya\000017.jpg,sunglasses\zendaya_wearing_sunglasses\000005.jpg,1
neutral\zlatan_ibrahimovic\000019.jpg,sunglasses\chris_hemsworth_wearing_sunglasses\000041.jpg,0
neutral\fernando_alonso\000007.jpg,masked\dominic_thiem_wearing_mask\000001.jpg,0
neutral\elon_musk\000032.jpg,masked\bernard_arnault_wearing_mask\000002.jpg,0
neutral\virgil_van_dijk\000015.jpg,masked\virgil_van_dijk_wearing_mask\000001.jpg,1
neutral\rami_malek\000006.jpg,sunglasses\rami_malek_wearing_sunglasses\000013.jpg,1
neutral\brie_larson\000028.jpg,sunglasses\brie_larson_wearing_sunglasses\000002.jpg,1
neutral\patrick_wilson\000054.jpg,sunglasses\sebastian_vettel_wearing_sunglasses\000012.jpg,0
neutral\kylian_mbappe\000003.jpg,masked\kylian_mbappe_wearing_mask\000002.jpg,1
neutral\adrien_brody\000008.jpg,masked\joe_biden_wearing_mask\000013.jpg,0
neutral\elizabeth_olsen\000033.jpg,masked\guiseppe_marotta_wearing_mask\000001.jpg,0
neutral\mohamed_salah\000007.jpg,masked\mohamed_salah_wearing_mask\000003.jpg,1
neutral\denzel_washington\000001.jpg,sunglasses\denzel_washington_wearing_sunglasses\000001.jpg,1
neutral\jared_leto\000010.jpg,sunglasses\elon_musk_wearing_sunglasses\000005.jpg,0
neutral\tom_hiddleston\000030.jpg,sunglasses\gwyneth_paltrow_wearing_sunglasses\000021.jpg,0
neutral\diego_schwartzman\000021.jpg,masked\diego_schwartzman_wearing_mask\000003.jpg,1
neutral\alexander_zverev\000012.jpg,masked\alexander_zverev_wearing_mask\000002.jpg,1
neutral\leonardo_dicaprio\000004.jpg,sunglasses\leonardo_dicaprio_wearing_sunglasses\000023.jpg,1
neutral\michelle_pfeiffer\000011.jpg,sunglasses\james_harden_wearing_sunglasses\000013.jpg,0
neutral\zlatan_ibrahimovic\000016.jpg,sunglasses\zlatan_ibrahimovic_wearing_sunglasses\000010.jpg,1
neutral\mel_gibson\000014.jpg,sunglasses\jared_leto_wearing_sunglasses\000008.jpg,0
neutral\steve_buscemi\000026.jpg,masked\gary_peters_wearing_mask\000006.jpg,0
neutral\chuck_schumer\000013.jpg,masked\chuck_schumer_wearing_mask\000017.jpg,1
neutral\nicolas_cage\000004.jpg,masked\mark_zuckerberg_wearing_mask\000001.jpg,0
neutral\samuel_l._jackson\000032.jpg,masked\donald_trump_wearing_mask\000004.jpg,0
neutral\nick_nolte\000009.jpg,sunglasses\nick_nolte_wearing_sunglasses\000005.jpg,1
neutral\mohamed_salah\000019.jpg,masked\mohamed_salah_wearing_mask\000003.jpg,1
neutral\debbie_stabenow\000029.jpg,sunglasses\michael_keaton_wearing_sunglasses\000001.jpg,0
neutral\jared_leto\000010.jpg,sunglasses\jack_black_wearing_sunglasses\000002.jpg,0
neutral\patrick_wilson\000050.jpg,masked\novak_djokovic_wearing_mask\000001.jpg,0
neutral\george_russell\000011.jpg,sunglasses\george_russell_wearing_sunglasses\000013.jpg,1
neutral\naomi_scott\000038.jpg,sunglasses\gwyneth_paltrow_wearing_sunglasses\000011.jpg,0
neutral\joaquin_phoenix\000007.jpg,sunglasses\joaquin_phoenix_wearing_sunglasses\000007.jpg,1
neutral\willem_dafoe\000014.jpg,sunglasses\willem_dafoe_wearing_sunglasses\000009.jpg,1
neutral\scarlett_johansson\000031.jpg,masked\immanuel_macron_wearing_mask\000020.jpg,0
neutral\jayson_tatum\000019.jpg,masked\jayson_tatum_wearing_mask\000001.jpg,1
neutral\keanu_reeves\000029.jpg,sunglasses\keanu_reeves_wearing_sunglasses\000005.jpg,1
neutral\kamala_haris\000006.jpg,masked\kamala_haris_wearing_mask\000021.jpg,1
neutral\scarlett_johansson\000015.jpg,masked\daniil_medvedev_wearing_mask\000002.jpg,0
neutral\margot_robbie\000058.jpg,masked\alexander_zverev_wearing_mask\000002.jpg,0
neutral\bruno_fernandes\000021.jpg,masked\bruno_fernandes_wearing_mask\000001.jpg,1
neutral\nick_jonas\000005.jpg,sunglasses\nick_jonas_wearing_sunglasses\000014.jpg,1
neutral\john_goodman\000021.jpg,sunglasses\michael_douglas_wearing_sunglasses\000008.jpg,0
neutral\tom_hardy\000004.jpg,sunglasses\robin_williams_wearing_sunglasses\000001.jpg,0
neutral\jack_black\000050.jpg,sunglasses\jimmy_butler_wearing_sunglasses\000005.jpg,0
neutral\mark_warner\000014.jpg,sunglasses\brie_larson_wearing_sunglasses\000027.jpg,0
neutral\meryl_streep\000053.jpg,masked\debbie_stabenow_wearing_mask\000005.jpg,0
neutral\rafael_nadal\000005.jpg,sunglasses\rafael_nadal_wearing_sunglasses\000002.jpg,1
neutral\johnny_depp\000002.jpg,masked\amy_klobuchar_wearing_mask\000001.jpg,0
neutral\pom_klementieff\000001.jpg,masked\jimmy_butler_wearing_mask\000001.jpg,0
neutral\ed_harris\000003.jpg,sunglasses\sebastian_vettel_wearing_sunglasses\000007.jpg,0
neutral\patrick_leahy\000014.jpg,masked\patrick_leahy_wearing_mask\000003.jpg,1
neutral\pom_klementieff\000031.jpg,sunglasses\novak_djokovic_wearing_sunglasses\000002.jpg,0
neutral\pom_klementieff\000025.jpg,sunglasses\james_mcavoy_wearing_sunglasses\000016.jpg,0
neutral\gwyneth_paltrow\000060.jpg,sunglasses\gwyneth_paltrow_wearing_sunglasses\000028.jpg,1
neutral\sebastian_vettel\000006.jpg,masked\sebastian_vettel_wearing_mask\000006.jpg,1
neutral\patty_murray\000029.jpg,masked\patty_murray_wearing_mask\000002.jpg,1
neutral\virgil_van_dijk\000021.jpg,masked\virgil_van_dijk_wearing_mask\000001.jpg,1
neutral\iga_swiatek\000009.jpg,masked\iga_swiatek_wearing_mask\000001.jpg,1
neutral\joe_manchin\000019.jpg,masked\joe_manchin_wearing_mask\000007.jpg,1
neutral\george_clooney\000003.jpg,masked\mark_zuckerberg_wearing_mask\000001.jpg,0
neutral\mark_zuckerberg\000004.jpg,masked\mark_zuckerberg_wearing_mask\000001.jpg,1
neutral\alexander_zverev\000007.jpg,sunglasses\brad_pitt_wearing_sunglasses\000039.jpg,0
neutral\robin_williams\000001.jpg,sunglasses\emilia_clarke_wearing_sunglasses\000021.jpg,0
neutral\justin_theroux\000012.jpg,sunglasses\justin_theroux_wearing_sunglasses\000009.jpg,1
neutral\andrey_rublev\000003.jpg,sunglasses\dwayne_johnson_wearing_sunglasses\000059.jpg,0
neutral\ed_harris\000005.jpg,sunglasses\ed_harris_wearing_sunglasses\000001.jpg,1
neutral\nicolas_cage\000004.jpg,masked\elizabeth_warren_wearing_mask\000002.jpg,0
neutral\liam_neeson\000020.jpg,sunglasses\liam_neeson_wearing_sunglasses\000023.jpg,1
neutral\dave_bautista\000041.jpg,masked\lebron_james_wearing_mask\000004.jpg,0
neutral\michael_b_jordan\000056.jpg,masked\thomas_muller_wearing_mask\000006.jpg,0
neutral\t_j_miller\000024.jpg,sunglasses\t_j_miller_wearing_sunglasses\000004.jpg,1
neutral\joshua_kimmich\000017.jpg,masked\david_alaba_wearing_mask\000001.jpg,0
neutral\alexander_zverev\000017.jpg,sunglasses\alexander_zverev_wearing_sunglasses\000001.jpg,1
neutral\carlos_sainz\000008.jpg,masked\carlos_sainz_wearing_mask\000001.jpg,1
neutral\hasan_salihamidzic\000012.jpg,masked\petra_kvitova_wearing_mask\000008.jpg,0
neutral\chuck_schumer\000015.jpg,masked\neymar_wearing_mask\000005.jpg,0
neutral\bernie_sanders\000003.jpg,masked\elon_musk_wearing_mask\000002.jpg,0
neutral\jennifer_lawrence\000031.jpg,masked\petra_kvitova_wearing_mask\000001.jpg,0
neutral\bruce_willis\000002.jpg,sunglasses\woody_harrelson_wearing_sunglasses\000011.jpg,0
neutral\serena_williams\000015.jpg,masked\serena_williams_wearing_mask\000002.jpg,1
neutral\giannis_antetokounmpo\000014.jpg,sunglasses\giannis_antetokounmpo_wearing_sunglasses\000005.jpg,1
neutral\gary_peters\000020.jpg,sunglasses\gary_peters_wearing_sunglasses\000002.jpg,1
neutral\alexander_zverev\000006.jpg,sunglasses\alexander_zverev_wearing_sunglasses\000002.jpg,1
neutral\zlatan_ibrahimovic\000011.jpg,masked\jimmy_butler_wearing_mask\000001.jpg,0
neutral\guiseppe_marotta\000002.jpg,masked\guiseppe_marotta_wearing_mask\000001.jpg,1
neutral\robin_williams\000013.jpg,sunglasses\paul_bettany_wearing_sunglasses\000035.jpg,0
neutral\russell_crowe\000007.jpg,sunglasses\dave_bautista_wearing_sunglasses\000015.jpg,0
neutral\zendaya\000015.jpg,sunglasses\jeff_bridges_wearing_sunglasses\000007.jpg,0
neutral\virgil_van_dijk\000022.jpg,sunglasses\virgil_van_dijk_wearing_sunglasses\000005.jpg,1
neutral\kevin_spacey\000026.jpg,sunglasses\rami_malek_wearing_sunglasses\000001.jpg,0
neutral\thomas_muller\000003.jpg,masked\carlos_sainz_wearing_mask\000001.jpg,0
neutral\arnold_schwarzenegger\000010.jpg,sunglasses\nick_jonas_wearing_sunglasses\000009.jpg,0
neutral\brad_pitt\000032.jpg,sunglasses\brad_pitt_wearing_sunglasses\000003.jpg,1
neutral\elizabeth_warren\000001.jpg,sunglasses\elizabeth_warren_wearing_sunglasses\000003.jpg,1
neutral\ed_harris\000007.jpg,sunglasses\roger_federer_wearing_sunglasses\000003.jpg,0
neutral\charles_leclerc\000004.jpg,masked\charles_leclerc_wearing_mask\000001.jpg,1
neutral\yuki_tsunoda\000011.jpg,masked\yuki_tsunoda_wearing_mask\000001.jpg,1
neutral\ben_mendelsohn\000013.jpg,sunglasses\jimmy_butler_wearing_sunglasses\000003.jpg,0
neutral\jeremy_renner\000042.jpg,sunglasses\david_alaba_wearing_sunglasses\000003.jpg,0
neutral\daniel_ricciardo\000027.jpg,sunglasses\sebastian_vettel_wearing_sunglasses\000001.jpg,0
neutral\mohamed_salah\000027.jpg,sunglasses\mohamed_salah_wearing_sunglasses\000002.jpg,1
neutral\dominic_thiem\000001.jpg,sunglasses\david_alaba_wearing_sunglasses\000008.jpg,0
neutral\anne_hathaway\000029.jpg,masked\alexander_zverev_wearing_mask\000002.jpg,0
neutral\carlos_sainz\000030.jpg,masked\fernando_alonso_wearing_mask\000001.jpg,0
neutral\russell_crowe\000006.jpg,masked\justin_trudeau_wearing_mask\000008.jpg,0
neutral\cory_booker\000012.jpg,masked\cory_booker_wearing_mask\000002.jpg,1
neutral\john_travolta\000003.jpg,sunglasses\john_travolta_wearing_sunglasses\000001.jpg,1
neutral\lewis_hamilton\000011.jpg,masked\lewis_hamilton_wearing_mask\000001.jpg,1
neutral\meryl_streep\000019.jpg,sunglasses\meryl_streep_wearing_sunglasses\000003.jpg,1
neutral\benedict_cumberbatch\000014.jpg,sunglasses\mel_gibson_wearing_sunglasses\000002.jpg,0
neutral\john_ratzenberger\000010.jpg,sunglasses\john_ratzenberger_wearing_sunglasses\000012.jpg,1
neutral\bill_gates\000008.jpg,masked\fernando_alonso_wearing_mask\000001.jpg,0
neutral\amy_klobuchar\000002.jpg,masked\amy_klobuchar_wearing_mask\000004.jpg,1
neutral\rafael_nadal\000017.jpg,sunglasses\colin_firth_wearing_sunglasses\000003.jpg,0
neutral\elon_musk\000012.jpg,masked\elon_musk_wearing_mask\000005.jpg,1
neutral\mohamed_salah\000022.jpg,sunglasses\mohamed_salah_wearing_sunglasses\000003.jpg,1
neutral\james_mcavoy\000003.jpg,masked\joe_biden_wearing_mask\000023.jpg,0
neutral\liam_neeson\000021.jpg,masked\nikita_mazepin_wearing_mask\000003.jpg,0
neutral\jake_gyllenhaal\000019.jpg,masked\petra_kvitova_wearing_mask\000002.jpg,0
neutral\kevin_bacon\000010.jpg,sunglasses\kevin_bacon_wearing_sunglasses\000005.jpg,1
neutral\manuel_neuer\000011.jpg,sunglasses\manuel_neuer_wearing_sunglasses\000002.jpg,1
neutral\cory_booker\000010.jpg,masked\cory_booker_wearing_mask\000001.jpg,1
neutral\lance_stroll\000008.jpg,masked\lance_stroll_wearing_mask\000005.jpg,1
neutral\chuck_schumer\000003.jpg,sunglasses\chuck_schumer_wearing_sunglasses\000002.jpg,1
neutral\bruce_willis\000009.jpg,sunglasses\guiseppe_marotta_wearing_sunglasses\000010.jpg,0
neutral\dominic_thiem\000001.jpg,masked\dominic_thiem_wearing_mask\000001.jpg,1
neutral\amber_heard\000006.jpg,sunglasses\gwyneth_paltrow_wearing_sunglasses\000019.jpg,0
neutral\bernie_sanders\000006.jpg,masked\bernie_sanders_wearing_mask\000005.jpg,1
neutral\giannis_antetokounmpo\000009.jpg,sunglasses\lebron_james_wearing_sunglasses\000007.jpg,0
neutral\johnny_depp\000001.jpg,masked\nikita_mazepin_wearing_mask\000002.jpg,0
neutral\jared_leto\000004.jpg,sunglasses\jared_leto_wearing_sunglasses\000004.jpg,1
neutral\robert_downey_jr\000047.jpg,sunglasses\robert_downey_jr_wearing_sunglasses\000016.jpg,1
neutral\kylian_mbappe\000001.jpg,sunglasses\justin_theroux_wearing_sunglasses\000015.jpg,0
neutral\robin_williams\000011.jpg,masked\diego_schwartzman_wearing_mask\000003.jpg,0
neutral\simon_pegg\000030.jpg,sunglasses\simon_pegg_wearing_sunglasses\000014.jpg,1
neutral\michael_douglas\000018.jpg,sunglasses\john_boyega_wearing_sunglasses\000009.jpg,0
neutral\michelle_williams\000005.jpg,sunglasses\colin_farell_wearing_sunglasses\000012.jpg,0
neutral\lewis_hamilton\000002.jpg,sunglasses\robert_de_niro_wearing_sunglasses\000008.jpg,0
neutral\elon_musk\000014.jpg,sunglasses\elon_musk_wearing_sunglasses\000004.jpg,1
neutral\sebastian_vettel\000012.jpg,masked\sebastian_vettel_wearing_mask\000001.jpg,1
neutral\iga_swiatek\000019.jpg,sunglasses\josh_brolin_wearing_sunglasses\000004.jpg,0
neutral\kevin_bacon\000008.jpg,sunglasses\john_ratzenberger_wearing_sunglasses\000010.jpg,0
neutral\christian_bale\000007.jpg,sunglasses\christian_bale_wearing_sunglasses\000012.jpg,1
neutral\bernie_sanders\000007.jpg,masked\bernie_sanders_wearing_mask\000003.jpg,1
neutral\elon_musk\000023.jpg,masked\lance_stroll_wearing_mask\000002.jpg,0
neutral\emilia_clarke\000040.jpg,masked\jimmy_butler_wearing_mask\000002.jpg,0
neutral\kylian_mbappe\000005.jpg,sunglasses\kylian_mbappe_wearing_sunglasses\000007.jpg,1
neutral\willem_dafoe\000008.jpg,sunglasses\willem_dafoe_wearing_sunglasses\000008.jpg,1
neutral\gary_peters\000021.jpg,masked\gary_peters_wearing_mask\000005.jpg,1
neutral\bernie_sanders\000004.jpg,masked\bernie_sanders_wearing_mask\000010.jpg,1
neutral\tom_hardy\000009.jpg,masked\immanuel_macron_wearing_mask\000005.jpg,0
neutral\alexander_zverev\000016.jpg,masked\alexander_zverev_wearing_mask\000003.jpg,1
neutral\woody_harrelson\000001.jpg,masked\fernando_alonso_wearing_mask\000002.jpg,0
neutral\evangeline_lilly\000018.jpg,sunglasses\don_cheadle_wearing_sunglasses\000011.jpg,0
neutral\thomas_muller\000018.jpg,masked\thomas_muller_wearing_mask\000003.jpg,1
neutral\rafael_nadal\000018.jpg,sunglasses\rafael_nadal_wearing_sunglasses\000004.jpg,1
neutral\robin_williams\000005.jpg,masked\dick_durbin_wearing_mask\000003.jpg,0
neutral\manuel_neuer\000001.jpg,masked\manuel_neuer_wearing_mask\000001.jpg,1
neutral\bruno_fernandes\000019.jpg,masked\bruno_fernandes_wearing_mask\000001.jpg,1
neutral\tom_hardy\000011.jpg,sunglasses\tom_hardy_wearing_sunglasses\000013.jpg,1
neutral\daniil_medvedev\000001.jpg,masked\daniel_ricciardo_wearing_mask\000004.jpg,0
neutral\sebastian_vettel\000008.jpg,sunglasses\gary_peters_wearing_sunglasses\000002.jpg,0
neutral\patrick_leahy\000014.jpg,masked\patrick_leahy_wearing_mask\000009.jpg,1
neutral\morgan_freeman\000008.jpg,sunglasses\elizabeth_warren_wearing_sunglasses\000001.jpg,0
neutral\esteban_ocon\000021.jpg,masked\patrick_leahy_wearing_mask\000006.jpg,0
neutral\steve_buscemi\000009.jpg,sunglasses\steve_buscemi_wearing_sunglasses\000004.jpg,1
neutral\neymar\000014.jpg,masked\neymar_wearing_mask\000007.jpg,1
neutral\fernando_alonso\000005.jpg,masked\fernando_alonso_wearing_mask\000001.jpg,1
neutral\rafael_nadal\000013.jpg,masked\rafael_nadal_wearing_mask\000008.jpg,1
neutral\roger_federer\000013.jpg,masked\roger_federer_wearing_mask\000001.jpg,1
neutral\brie_larson\000011.jpg,sunglasses\brie_larson_wearing_sunglasses\000027.jpg,1
neutral\rami_malek\000016.jpg,sunglasses\david_alaba_wearing_sunglasses\000004.jpg,0
neutral\bruce_willis\000014.jpg,sunglasses\bruce_willis_wearing_sunglasses\000008.jpg,1
neutral\petra_kvitova\000009.jpg,sunglasses\petra_kvitova_wearing_sunglasses\000001.jpg,1
neutral\yuki_tsunoda\000007.jpg,sunglasses\yuki_tsunoda_wearing_sunglasses\000001.jpg,1
neutral\jack_nicholson\000008.jpg,masked\amy_klobuchar_wearing_mask\000001.jpg,0
neutral\simon_pegg\000053.jpg,sunglasses\christian_bale_wearing_sunglasses\000004.jpg,0
neutral\ben_mendelsohn\000023.jpg,sunglasses\anne_hathaway_wearing_sunglasses\000029.jpg,0
neutral\joe_biden\000021.jpg,masked\joe_biden_wearing_mask\000026.jpg,1
neutral\dwayne_johnson\000015.jpg,sunglasses\dwayne_johnson_wearing_sunglasses\000062.jpg,1
neutral\bill_gates\000016.jpg,masked\mark_zuckerberg_wearing_mask\000001.jpg,0
neutral\debbie_stabenow\000017.jpg,masked\debbie_stabenow_wearing_mask\000001.jpg,1
neutral\jack_nicholson\000008.jpg,masked\stefanos_tsitsipas_wearing_mask\000001.jpg,0
neutral\gwyneth_paltrow\000017.jpg,sunglasses\gwyneth_paltrow_wearing_sunglasses\000018.jpg,1
neutral\mark_ruffalo\000010.jpg,masked\jayson_tatum_wearing_mask\000001.jpg,0
neutral\donnie_yen\000035.jpg,sunglasses\donnie_yen_wearing_sunglasses\000007.jpg,1
neutral\kylian_mbappe\000022.jpg,masked\kylian_mbappe_wearing_mask\000002.jpg,1
neutral\harrison_ford\000018.jpg,sunglasses\harrison_ford_wearing_sunglasses\000001.jpg,1
neutral\alexander_zverev\000001.jpg,sunglasses\colin_farell_wearing_sunglasses\000017.jpg,0
neutral\chuck_schumer\000004.jpg,masked\chuck_schumer_wearing_mask\000001.jpg,1
neutral\kamala_haris\000025.jpg,masked\kamala_haris_wearing_mask\000005.jpg,1
neutral\elizabeth_warren\000003.jpg,sunglasses\hasan_salihamidzic_wearing_sunglasses\000003.jpg,0
neutral\mark_warner\000014.jpg,sunglasses\jack_nicholson_wearing_sunglasses\000003.jpg,0
neutral\evangeline_lilly\000019.jpg,sunglasses\evangeline_lilly_wearing_sunglasses\000001.jpg,1
neutral\vin_diesel\000006.jpg,sunglasses\mark_hamill_wearing_sunglasses\000005.jpg,0
neutral\david_alaba\000026.jpg,masked\david_alaba_wearing_mask\000002.jpg,1
neutral\ben_mendelsohn\000043.jpg,sunglasses\christopher_walken_wearing_sunglasses\000002.jpg,0
neutral\naomi_osaka\000009.jpg,sunglasses\naomi_osaka_wearing_sunglasses\000001.jpg,1
neutral\chris_hemsworth\000018.jpg,sunglasses\chris_hemsworth_wearing_sunglasses\000040.jpg,1
neutral\joshua_kimmich\000006.jpg,sunglasses\joshua_kimmich_wearing_sunglasses\000001.jpg,1
neutral\justin_trudeau\000001.jpg,masked\justin_trudeau_wearing_mask\000009.jpg,1
neutral\paul_bettany\000005.jpg,sunglasses\paul_bettany_wearing_sunglasses\000016.jpg,1
neutral\roger_federer\000004.jpg,sunglasses\roger_federer_wearing_sunglasses\000005.jpg,1
neutral\mark_zuckerberg\000015.jpg,masked\mark_zuckerberg_wearing_mask\000001.jpg,1
neutral\jeremy_renner\000012.jpg,sunglasses\jeremy_renner_wearing_sunglasses\000015.jpg,1
neutral\dick_durbin\000020.jpg,masked\dick_durbin_wearing_mask\000004.jpg,1
neutral\evangeline_lilly\000009.jpg,sunglasses\alexander_zverev_wearing_sunglasses\000002.jpg,0
neutral\emilia_clarke\000031.jpg,masked\novak_djokovic_wearing_mask\000004.jpg,0
neutral\robert_de_niro\000015.jpg,masked\david_alaba_wearing_mask\000001.jpg,0
neutral\adrien_brody\000021.jpg,sunglasses\robin_williams_wearing_sunglasses\000006.jpg,0
neutral\esteban_ocon\000005.jpg,sunglasses\jason_statham_wearing_sunglasses\000047.jpg,0
neutral\dick_durbin\000010.jpg,sunglasses\benedict_cumberbatch_wearing_sunglasses\000046.jpg,0
neutral\rami_malek\000023.jpg,sunglasses\rami_malek_wearing_sunglasses\000021.jpg,1
neutral\virgil_van_dijk\000007.jpg,sunglasses\virgil_van_dijk_wearing_sunglasses\000012.jpg,1
neutral\chris_pratt\000035.jpg,sunglasses\simon_pegg_wearing_sunglasses\000014.jpg,0
neutral\amy_klobuchar\000002.jpg,masked\amy_klobuchar_wearing_mask\000007.jpg,1
neutral\debbie_stabenow\000009.jpg,sunglasses\elon_musk_wearing_sunglasses\000002.jpg,0
neutral\lebron_james\000010.jpg,masked\lebron_james_wearing_mask\000001.jpg,1
neutral\woody_harrelson\000009.jpg,sunglasses\woody_harrelson_wearing_sunglasses\000010.jpg,1
neutral\daniel_ricciardo\000005.jpg,sunglasses\roger_federer_wearing_sunglasses\000001.jpg,0
neutral\novak_djokovic\000004.jpg,sunglasses\novak_djokovic_wearing_sunglasses\000001.jpg,1
neutral\brie_larson\000016.jpg,sunglasses\brie_larson_wearing_sunglasses\000007.jpg,1
neutral\nicolas_cage\000002.jpg,sunglasses\nicolas_cage_wearing_sunglasses\000015.jpg,1
neutral\benedict_cumberbatch\000033.jpg,sunglasses\benedict_cumberbatch_wearing_sunglasses\000031.jpg,1
neutral\michael_douglas\000005.jpg,sunglasses\laurence_fishburne_wearing_sunglasses\000003.jpg,0
neutral\rami_malek\000012.jpg,sunglasses\zendaya_wearing_sunglasses\000010.jpg,0
neutral\simona_halep\000013.jpg,masked\simona_halep_wearing_mask\000002.jpg,1
neutral\justin_trudeau\000004.jpg,masked\justin_trudeau_wearing_mask\000007.jpg,1
neutral\joe_manchin\000022.jpg,masked\joe_manchin_wearing_mask\000010.jpg,1
neutral\kiki_bertens\000020.jpg,sunglasses\joaquin_phoenix_wearing_sunglasses\000011.jpg,0
neutral\dwayne_johnson\000028.jpg,sunglasses\jayson_tatum_wearing_sunglasses\000003.jpg,0
neutral\jean_castex\000013.jpg,masked\justin_trudeau_wearing_mask\000005.jpg,0
neutral\george_russell\000027.jpg,masked\george_russell_wearing_mask\000001.jpg,1
neutral\carlos_sainz\000006.jpg,masked\carlos_sainz_wearing_mask\000001.jpg,1
neutral\james_mcavoy\000038.jpg,sunglasses\james_mcavoy_wearing_sunglasses\000002.jpg,1
neutral\naomi_scott\000056.jpg,sunglasses\naomi_scott_wearing_sunglasses\000003.jpg,1
neutral\rami_malek\000004.jpg,masked\nikita_mazepin_wearing_mask\000002.jpg,0
neutral\naomi_scott\000024.jpg,sunglasses\anne_hathaway_wearing_sunglasses\000019.jpg,0
neutral\cory_booker\000006.jpg,masked\donald_trump_wearing_mask\000005.jpg,0
neutral\daniil_medvedev\000002.jpg,masked\daniil_medvedev_wearing_mask\000002.jpg,1
neutral\rami_malek\000014.jpg,sunglasses\alain_delon_wearing_sunglasses\000004.jpg,0
neutral\andrey_rublev\000003.jpg,masked\andrey_rublev_wearing_mask\000005.jpg,1
neutral\michael_keaton\000011.jpg,masked\manuel_neuer_wearing_mask\000004.jpg,0
neutral\michael_keaton\000016.jpg,masked\chuck_schumer_wearing_mask\000021.jpg,0
neutral\kiki_bertens\000008.jpg,sunglasses\emilia_clarke_wearing_sunglasses\000001.jpg,0
neutral\elon_musk\000036.jpg,masked\elon_musk_wearing_mask\000009.jpg,1
neutral\novak_djokovic\000002.jpg,sunglasses\novak_djokovic_wearing_sunglasses\000002.jpg,1
neutral\cory_booker\000024.jpg,masked\cory_booker_wearing_mask\000005.jpg,1
neutral\simon_pegg\000027.jpg,masked\carlos_sainz_wearing_mask\000001.jpg,0
neutral\donald_trump\000028.jpg,masked\donald_trump_wearing_mask\000006.jpg,1
neutral\novak_djokovic\000002.jpg,masked\novak_djokovic_wearing_mask\000001.jpg,1
neutral\hasan_salihamidzic\000013.jpg,sunglasses\hasan_salihamidzic_wearing_sunglasses\000002.jpg,1
neutral\lionel_messi\000006.jpg,masked\lionel_messi_wearing_mask\000002.jpg,1
neutral\patrick_leahy\000005.jpg,masked\patrick_leahy_wearing_mask\000010.jpg,1
neutral\tom_hiddleston\000013.jpg,sunglasses\tom_hiddleston_wearing_sunglasses\000023.jpg,1
neutral\meryl_streep\000042.jpg,sunglasses\john_ratzenberger_wearing_sunglasses\000010.jpg,0
neutral\immanuel_macron\000011.jpg,masked\immanuel_macron_wearing_mask\000023.jpg,1
neutral\harrison_ford\000015.jpg,masked\elizabeth_warren_wearing_mask\000002.jpg,0
neutral\dwayne_johnson\000052.jpg,masked\joe_biden_wearing_mask\000033.jpg,0
neutral\jamie_lee_curtis\000009.jpg,sunglasses\jamie_lee_curtis_wearing_sunglasses\000003.jpg,1
neutral\lewis_hamilton\000012.jpg,masked\lewis_hamilton_wearing_mask\000002.jpg,1
neutral\mark_zuckerberg\000026.jpg,masked\jayson_tatum_wearing_mask\000001.jpg,0
neutral\jeff_bridges\000010.jpg,masked\donald_trump_wearing_mask\000001.jpg,0
neutral\donald_trump\000014.jpg,masked\donald_trump_wearing_mask\000008.jpg,1
neutral\dwayne_johnson\000040.jpg,sunglasses\amber_heard_wearing_sunglasses\000007.jpg,0
neutral\karim_benzema\000010.jpg,masked\lionel_messi_wearing_mask\000002.jpg,0
neutral\joe_manchin\000024.jpg,masked\roger_federer_wearing_mask\000002.jpg,0
neutral\brad_pitt\000007.jpg,sunglasses\elon_musk_wearing_sunglasses\000003.jpg,0
neutral\patrick_leahy\000015.jpg,masked\patrick_leahy_wearing_mask\000007.jpg,1
neutral\robert_pattinson\000014.jpg,sunglasses\robert_pattinson_wearing_sunglasses\000015.jpg,1
neutral\fernando_alonso\000009.jpg,sunglasses\fernando_alonso_wearing_sunglasses\000007.jpg,1
neutral\harrison_ford\000020.jpg,sunglasses\liam_neeson_wearing_sunglasses\000007.jpg,0
neutral\daniel_ricciardo\000011.jpg,sunglasses\jamie_lee_curtis_wearing_sunglasses\000005.jpg,0
neutral\evangeline_lilly\000004.jpg,sunglasses\chris_pratt_wearing_sunglasses\000013.jpg,0
neutral\chris_evans\000046.jpg,sunglasses\jeremy_renner_wearing_sunglasses\000016.jpg,0
neutral\jayson_tatum\000008.jpg,masked\jayson_tatum_wearing_mask\000001.jpg,1
neutral\lebron_james\000015.jpg,masked\lebron_james_wearing_mask\000001.jpg,1
neutral\nikita_mazepin\000007.jpg,masked\nikita_mazepin_wearing_mask\000004.jpg,1
neutral\rami_malek\000002.jpg,sunglasses\rami_malek_wearing_sunglasses\000007.jpg,1
neutral\edward_norton\000011.jpg,sunglasses\chuck_schumer_wearing_sunglasses\000002.jpg,0
neutral\lance_stroll\000023.jpg,masked\carlos_sainz_wearing_mask\000001.jpg,0
neutral\michael_douglas\000005.jpg,masked\lionel_messi_wearing_mask\000001.jpg,0
neutral\mark_zuckerberg\000008.jpg,sunglasses\mark_zuckerberg_wearing_sunglasses\000001.jpg,1
neutral\evangeline_lilly\000027.jpg,sunglasses\samuel_l._jackson_wearing_sunglasses\000007.jpg,0
neutral\val_kilmer\000006.jpg,sunglasses\val_kilmer_wearing_sunglasses\000001.jpg,1
neutral\robert_pattinson\000017.jpg,sunglasses\john_boyega_wearing_sunglasses\000011.jpg,0
neutral\elizabeth_warren\000013.jpg,masked\elizabeth_warren_wearing_mask\000001.jpg,1
neutral\lance_stroll\000011.jpg,masked\lance_stroll_wearing_mask\000003.jpg,1
neutral\arnold_schwarzenegger\000013.jpg,sunglasses\meryl_streep_wearing_sunglasses\000014.jpg,0
neutral\morgan_freeman\000007.jpg,sunglasses\morgan_freeman_wearing_sunglasses\000006.jpg,1
neutral\naomi_osaka\000020.jpg,masked\jayson_tatum_wearing_mask\000001.jpg,0
neutral\andrey_rublev\000017.jpg,sunglasses\brad_pitt_wearing_sunglasses\000042.jpg,0
neutral\jeff_bridges\000024.jpg,masked\manuel_neuer_wearing_mask\000004.jpg,0
neutral\neymar\000019.jpg,masked\naomi_osaka_wearing_mask\000046.jpg,0
neutral\kevin_spacey\000012.jpg,sunglasses\naomi_scott_wearing_sunglasses\000005.jpg,0
neutral\fahrettin_koca\000012.jpg,masked\fahrettin_koca_wearing_mask\000001.jpg,1
neutral\david_alaba\000016.jpg,sunglasses\mel_gibson_wearing_sunglasses\000003.jpg,0
neutral\christopher_walken\000008.jpg,sunglasses\thomas_muller_wearing_sunglasses\000001.jpg,0
neutral\jean_castex\000011.jpg,masked\jean_castex_wearing_mask\000008.jpg,1
neutral\ilhan_omar\000006.jpg,masked\virgil_van_dijk_wearing_mask\000001.jpg,0
neutral\michael_b_jordan\000053.jpg,sunglasses\michael_b_jordan_wearing_sunglasses\000019.jpg,1
neutral\robert_downey_jr\000026.jpg,sunglasses\bryce_dallas_howard_wearing_sunglasses\000005.jpg,0
neutral\giannis_antetokounmpo\000009.jpg,sunglasses\benedict_cumberbatch_wearing_sunglasses\000005.jpg,0
neutral\arnold_schwarzenegger\000003.jpg,masked\elizabeth_warren_wearing_mask\000001.jpg,0
neutral\esteban_ocon\000002.jpg,sunglasses\esteban_ocon_wearing_sunglasses\000008.jpg,1
neutral\esteban_ocon\000005.jpg,masked\esteban_ocon_wearing_mask\000002.jpg,1
neutral\evangeline_lilly\000002.jpg,sunglasses\evangeline_lilly_wearing_sunglasses\000014.jpg,1
neutral\joaquin_phoenix\000007.jpg,sunglasses\joaquin_phoenix_wearing_sunglasses\000006.jpg,1
neutral\jean_castex\000014.jpg,masked\jean_castex_wearing_mask\000001.jpg,1
neutral\bruno_fernandes\000026.jpg,sunglasses\bruno_fernandes_wearing_sunglasses\000001.jpg,1
neutral\paul_bettany\000031.jpg,sunglasses\paul_bettany_wearing_sunglasses\000024.jpg,1
neutral\tom_hardy\000009.jpg,sunglasses\elon_musk_wearing_sunglasses\000002.jpg,0
neutral\john_boyega\000024.jpg,sunglasses\john_boyega_wearing_sunglasses\000006.jpg,1
neutral\chris_pratt\000048.jpg,sunglasses\chris_pratt_wearing_sunglasses\000009.jpg,1
neutral\joshua_kimmich\000006.jpg,masked\joshua_kimmich_wearing_mask\000008.jpg,1
neutral\rafael_nadal\000003.jpg,masked\rafael_nadal_wearing_mask\000008.jpg,1
neutral\joshua_kimmich\000008.jpg,masked\joshua_kimmich_wearing_mask\000007.jpg,1
neutral\johnny_depp\000007.jpg,sunglasses\chris_pratt_wearing_sunglasses\000018.jpg,0
neutral\virgil_van_dijk\000015.jpg,masked\virgil_van_dijk_wearing_mask\000001.jpg,1
neutral\simon_pegg\000054.jpg,masked\guiseppe_marotta_wearing_mask\000001.jpg,0
neutral\christopher_walken\000007.jpg,masked\joe_manchin_wearing_mask\000012.jpg,0
neutral\john_travolta\000016.jpg,sunglasses\john_travolta_wearing_sunglasses\000003.jpg,1
neutral\stefanos_tsitsipas\000008.jpg,sunglasses\stefanos_tsitsipas_wearing_sunglasses\000002.jpg,1
neutral\scarlett_johansson\000044.jpg,sunglasses\scarlett_johansson_wearing_sunglasses\000009.jpg,1
neutral\novak_djokovic\000015.jpg,sunglasses\novak_djokovic_wearing_sunglasses\000002.jpg,1
neutral\heath_ledger\000007.jpg,sunglasses\heath_ledger_wearing_sunglasses\000010.jpg,1
neutral\cory_booker\000018.jpg,masked\cory_booker_wearing_mask\000005.jpg,1
neutral\mark_zuckerberg\000021.jpg,sunglasses\mark_zuckerberg_wearing_sunglasses\000001.jpg,1
neutral\rafael_nadal\000009.jpg,masked\rafael_nadal_wearing_mask\000010.jpg,1
neutral\lebron_james\000007.jpg,masked\lebron_james_wearing_mask\000005.jpg,1
neutral\pom_klementieff\000029.jpg,sunglasses\pom_klementieff_wearing_sunglasses\000002.jpg,1
neutral\stefanos_tsitsipas\000021.jpg,sunglasses\mark_ruffalo_wearing_sunglasses\000003.jpg,0
neutral\joaquin_phoenix\000006.jpg,masked\fahrettin_koca_wearing_mask\000002.jpg,0
neutral\yuki_tsunoda\000014.jpg,sunglasses\t_j_miller_wearing_sunglasses\000002.jpg,0
neutral\amber_heard\000006.jpg,sunglasses\guiseppe_marotta_wearing_sunglasses\000004.jpg,0
neutral\jake_gyllenhaal\000003.jpg,masked\diego_schwartzman_wearing_mask\000003.jpg,0
neutral\recep_tayip_erdogan\000011.jpg,masked\recep_tayip_erdogan_wearing_mask\000004.jpg,1
neutral\russell_crowe\000007.jpg,sunglasses\jimmy_butler_wearing_sunglasses\000005.jpg,0
neutral\laurence_fishburne\000023.jpg,sunglasses\robin_williams_wearing_sunglasses\000002.jpg,0
neutral\john_goodman\000021.jpg,masked\joe_manchin_wearing_mask\000002.jpg,0
neutral\amy_klobuchar\000014.jpg,sunglasses\daniel_ricciardo_wearing_sunglasses\000006.jpg,0
neutral\robert_downey_jr\000044.jpg,masked\james_harden_wearing_mask\000004.jpg,0
neutral\jake_gyllenhaal\000011.jpg,masked\immanuel_macron_wearing_mask\000006.jpg,0
neutral\dominic_thiem\000001.jpg,masked\dominic_thiem_wearing_mask\000001.jpg,1
neutral\petra_kvitova\000002.jpg,sunglasses\emilia_clarke_wearing_sunglasses\000035.jpg,0
neutral\serena_williams\000016.jpg,sunglasses\serena_williams_wearing_sunglasses\000006.jpg,1
neutral\joshua_kimmich\000001.jpg,masked\joshua_kimmich_wearing_mask\000007.jpg,1
neutral\immanuel_macron\000021.jpg,sunglasses\immanuel_macron_wearing_sunglasses\000002.jpg,1
neutral\sebastian_stan\000024.jpg,sunglasses\sebastian_stan_wearing_sunglasses\000020.jpg,1
neutral\robert_pattinson\000021.jpg,sunglasses\robert_pattinson_wearing_sunglasses\000007.jpg,1
neutral\jared_leto\000003.jpg,sunglasses\liam_neeson_wearing_sunglasses\000006.jpg,0
neutral\serena_williams\000020.jpg,sunglasses\george_russell_wearing_sunglasses\000016.jpg,0
neutral\john_ratzenberger\000014.jpg,sunglasses\colin_farell_wearing_sunglasses\000005.jpg,0
neutral\nikita_mazepin\000013.jpg,masked\fernando_alonso_wearing_mask\000002.jpg,0
neutral\lance_stroll\000003.jpg,masked\lance_stroll_wearing_mask\000003.jpg,1
neutral\daniel_ricciardo\000007.jpg,sunglasses\daniel_ricciardo_wearing_sunglasses\000010.jpg,1
neutral\charles_leclerc\000017.jpg,masked\petra_kvitova_wearing_mask\000005.jpg,0
neutral\mohamed_salah\000011.jpg,masked\mohamed_salah_wearing_mask\000003.jpg,1
neutral\recep_tayip_erdogan\000004.jpg,masked\recep_tayip_erdogan_wearing_mask\000003.jpg,1
neutral\chuck_schumer\000007.jpg,sunglasses\jake_gyllenhaal_wearing_sunglasses\000021.jpg,0
neutral\colin_farell\000039.jpg,sunglasses\lebron_james_wearing_sunglasses\000005.jpg,0
neutral\karen_gillan\000037.jpg,sunglasses\neymar_wearing_sunglasses\000018.jpg,0
neutral\michael_keaton\000001.jpg,sunglasses\harrison_ford_wearing_sunglasses\000002.jpg,0
neutral\margot_robbie\000031.jpg,sunglasses\tom_hiddleston_wearing_sunglasses\000005.jpg,0
neutral\novak_djokovic\000014.jpg,masked\manuel_neuer_wearing_mask\000002.jpg,0
neutral\chris_evans\000026.jpg,masked\serena_williams_wearing_mask\000002.jpg,0
neutral\rafael_nadal\000002.jpg,masked\rafael_nadal_wearing_mask\000004.jpg,1
neutral\carlos_sainz\000031.jpg,sunglasses\carlos_sainz_wearing_sunglasses\000005.jpg,1
neutral\t_j_miller\000049.jpg,sunglasses\t_j_miller_wearing_sunglasses\000001.jpg,1
neutral\nicole_kidman\000001.jpg,masked\manuel_neuer_wearing_mask\000001.jpg,0
neutral\jayson_tatum\000008.jpg,masked\jayson_tatum_wearing_mask\000001.jpg,1
neutral\justin_trudeau\000021.jpg,masked\fahrettin_koca_wearing_mask\000001.jpg,0
neutral\samuel_l._jackson\000048.jpg,sunglasses\samuel_l._jackson_wearing_sunglasses\000011.jpg,1
neutral\ed_harris\000013.jpg,sunglasses\michael_b_jordan_wearing_sunglasses\000011.jpg,0
neutral\meryl_streep\000035.jpg,sunglasses\meryl_streep_wearing_sunglasses\000006.jpg,1
neutral\anthony_davis\000024.jpg,sunglasses\antonio_banderas_wearing_sunglasses\000004.jpg,0
neutral\debbie_stabenow\000024.jpg,masked\debbie_stabenow_wearing_mask\000003.jpg,1
neutral\steve_buscemi\000006.jpg,masked\elon_musk_wearing_mask\000002.jpg,0
neutral\neymar\000001.jpg,masked\joshua_kimmich_wearing_mask\000007.jpg,0
neutral\adrien_brody\000003.jpg,sunglasses\mohamed_salah_wearing_sunglasses\000004.jpg,0
neutral\robert_downey_jr\000050.jpg,sunglasses\robert_downey_jr_wearing_sunglasses\000029.jpg,1
neutral\david_alaba\000025.jpg,masked\dick_durbin_wearing_mask\000003.jpg,0
neutral\denzel_washington\000010.jpg,sunglasses\arnold_schwarzenegger_wearing_sunglasses\000016.jpg,0
neutral\josh_brolin\000056.jpg,sunglasses\antonio_banderas_wearing_sunglasses\000004.jpg,0
neutral\yuki_tsunoda\000017.jpg,sunglasses\virgil_van_dijk_wearing_sunglasses\000011.jpg,0
neutral\hasan_salihamidzic\000009.jpg,sunglasses\roger_federer_wearing_sunglasses\000001.jpg,0
neutral\virgil_van_dijk\000017.jpg,sunglasses\colin_firth_wearing_sunglasses\000010.jpg,0
neutral\elon_musk\000002.jpg,sunglasses\elon_musk_wearing_sunglasses\000001.jpg,1
neutral\johnny_depp\000005.jpg,sunglasses\johnny_depp_wearing_sunglasses\000006.jpg,1
neutral\kylian_mbappe\000002.jpg,masked\kylian_mbappe_wearing_mask\000003.jpg,1
neutral\sebastian_stan\000016.jpg,masked\dominic_thiem_wearing_mask\000001.jpg,0
neutral\elizabeth_olsen\000017.jpg,sunglasses\dwayne_johnson_wearing_sunglasses\000074.jpg,0
neutral\karen_gillan\000047.jpg,sunglasses\karen_gillan_wearing_sunglasses\000013.jpg,1
neutral\debbie_stabenow\000019.jpg,masked\debbie_stabenow_wearing_mask\000005.jpg,1
neutral\nick_nolte\000001.jpg,sunglasses\michelle_pfeiffer_wearing_sunglasses\000006.jpg,0
neutral\george_clooney\000010.jpg,sunglasses\bruno_fernandes_wearing_sunglasses\000001.jpg,0
neutral\elizabeth_olsen\000039.jpg,sunglasses\steve_buscemi_wearing_sunglasses\000003.jpg,0
neutral\paul_rudd\000012.jpg,sunglasses\paul_rudd_wearing_sunglasses\000011.jpg,1
neutral\lewis_hamilton\000005.jpg,sunglasses\lewis_hamilton_wearing_sunglasses\000001.jpg,1
neutral\colin_farell\000003.jpg,sunglasses\nikita_mazepin_wearing_sunglasses\000002.jpg,0
neutral\jamie_lee_curtis\000025.jpg,sunglasses\jamie_lee_curtis_wearing_sunglasses\000011.jpg,1
neutral\neymar\000026.jpg,masked\neymar_wearing_mask\000001.jpg,1
neutral\emilia_clarke\000018.jpg,masked\sebastian_vettel_wearing_mask\000007.jpg,0
neutral\naomi_scott\000025.jpg,masked\mohamed_salah_wearing_mask\000001.jpg,0
neutral\justin_theroux\000005.jpg,sunglasses\naomi_scott_wearing_sunglasses\000002.jpg,0
neutral\iga_swiatek\000002.jpg,sunglasses\chuck_schumer_wearing_sunglasses\000002.jpg,0
neutral\mohamed_salah\000024.jpg,masked\mohamed_salah_wearing_mask\000001.jpg,1
neutral\daniil_medvedev\000002.jpg,masked\amy_klobuchar_wearing_mask\000002.jpg,0
neutral\yuki_tsunoda\000013.jpg,masked\fahrettin_koca_wearing_mask\000002.jpg,0
neutral\robert_pattinson\000013.jpg,masked\joe_biden_wearing_mask\000032.jpg,0
neutral\mel_gibson\000015.jpg,sunglasses\mel_gibson_wearing_sunglasses\000001.jpg,1
neutral\george_russell\000001.jpg,masked\roger_federer_wearing_mask\000002.jpg,0
neutral\lebron_james\000012.jpg,masked\lebron_james_wearing_mask\000004.jpg,1
neutral\jean_castex\000006.jpg,masked\recep_tayip_erdogan_wearing_mask\000004.jpg,0
neutral\christopher_walken\000004.jpg,masked\sebastian_vettel_wearing_mask\000005.jpg,0
neutral\daniil_medvedev\000001.jpg,masked\daniil_medvedev_wearing_mask\000001.jpg,1
neutral\jimmy_butler\000019.jpg,masked\giannis_antetokounmpo_wearing_mask\000002.jpg,0
neutral\carlos_sainz\000027.jpg,masked\carlos_sainz_wearing_mask\000001.jpg,1
neutral\alexander_zverev\000015.jpg,masked\zlatan_ibrahimovic_wearing_mask\000004.jpg,0
neutral\paul_rudd\000011.jpg,masked\immanuel_macron_wearing_mask\000018.jpg,0
neutral\bill_gates\000010.jpg,masked\bill_gates_wearing_mask\000002.jpg,1
neutral\joaquin_phoenix\000004.jpg,sunglasses\joaquin_phoenix_wearing_sunglasses\000002.jpg,1
neutral\george_clooney\000019.jpg,sunglasses\jon_favreau_wearing_sunglasses\000008.jpg,0
neutral\elon_musk\000017.jpg,masked\elon_musk_wearing_mask\000006.jpg,1
neutral\christian_bale\000020.jpg,sunglasses\christian_bale_wearing_sunglasses\000004.jpg,1
neutral\lebron_james\000004.jpg,masked\naomi_osaka_wearing_mask\000048.jpg,0
neutral\emily_blunt\000025.jpg,sunglasses\esteban_ocon_wearing_sunglasses\000008.jpg,0
neutral\keanu_reeves\000015.jpg,sunglasses\simon_pegg_wearing_sunglasses\000017.jpg,0
neutral\yuki_tsunoda\000009.jpg,masked\yuki_tsunoda_wearing_mask\000003.jpg,1
neutral\nikita_mazepin\000006.jpg,sunglasses\mark_zuckerberg_wearing_sunglasses\000008.jpg,0
neutral\patrick_leahy\000021.jpg,masked\patrick_leahy_wearing_mask\000012.jpg,1
neutral\serena_williams\000026.jpg,sunglasses\serena_williams_wearing_sunglasses\000006.jpg,1
neutral\cory_booker\000018.jpg,masked\mark_zuckerberg_wearing_mask\000001.jpg,0
neutral\don_cheadle\000056.jpg,sunglasses\don_cheadle_wearing_sunglasses\000027.jpg,1
neutral\naomi_osaka\000014.jpg,masked\elizabeth_warren_wearing_mask\000002.jpg,0
neutral\james_mcavoy\000016.jpg,sunglasses\nick_nolte_wearing_sunglasses\000001.jpg,0
neutral\fernando_alonso\000005.jpg,sunglasses\ben_mendelsohn_wearing_sunglasses\000006.jpg,0
neutral\john_boyega\000030.jpg,sunglasses\john_boyega_wearing_sunglasses\000001.jpg,1
neutral\serena_williams\000005.jpg,sunglasses\serena_williams_wearing_sunglasses\000006.jpg,1
neutral\michael_keaton\000019.jpg,masked\iga_swiatek_wearing_mask\000001.jpg,0
neutral\diego_schwartzman\000003.jpg,masked\diego_schwartzman_wearing_mask\000001.jpg,1
neutral\manuel_neuer\000020.jpg,sunglasses\manuel_neuer_wearing_sunglasses\000001.jpg,1
neutral\bryce_dallas_howard\000010.jpg,sunglasses\patrick_wilson_wearing_sunglasses\000004.jpg,0
neutral\bernie_sanders\000005.jpg,masked\bernie_sanders_wearing_mask\000005.jpg,1
neutral\samuel_l._jackson\000017.jpg,masked\lebron_james_wearing_mask\000004.jpg,0
neutral\immanuel_macron\000021.jpg,sunglasses\immanuel_macron_wearing_sunglasses\000002.jpg,1
neutral\donnie_yen\000045.jpg,masked\andrey_rublev_wearing_mask\000001.jpg,0
neutral\mark_ruffalo\000007.jpg,masked\guiseppe_marotta_wearing_mask\000001.jpg,0
neutral\zlatan_ibrahimovic\000002.jpg,masked\zlatan_ibrahimovic_wearing_mask\000002.jpg,1
neutral\immanuel_macron\000008.jpg,masked\immanuel_macron_wearing_mask\000029.jpg,1
neutral\ben_mendelsohn\000046.jpg,sunglasses\emilia_clarke_wearing_sunglasses\000034.jpg,0
neutral\recep_tayip_erdogan\000016.jpg,masked\recep_tayip_erdogan_wearing_mask\000005.jpg,1
neutral\hasan_salihamidzic\000005.jpg,masked\lebron_james_wearing_mask\000005.jpg,0
neutral\serena_williams\000026.jpg,masked\serena_williams_wearing_mask\000002.jpg,1
neutral\lebron_james\000007.jpg,sunglasses\lebron_james_wearing_sunglasses\000012.jpg,1
neutral\michael_douglas\000017.jpg,sunglasses\novak_djokovic_wearing_sunglasses\000002.jpg,0
neutral\iga_swiatek\000010.jpg,masked\iga_swiatek_wearing_mask\000001.jpg,1
neutral\lewis_hamilton\000006.jpg,sunglasses\lewis_hamilton_wearing_sunglasses\000009.jpg,1
neutral\vin_diesel\000007.jpg,sunglasses\karim_benzema_wearing_sunglasses\000002.jpg,0
neutral\scarlett_johansson\000045.jpg,sunglasses\scarlett_johansson_wearing_sunglasses\000025.jpg,1
neutral\diego_schwartzman\000008.jpg,masked\daniil_medvedev_wearing_mask\000002.jpg,0
neutral\daniel_ricciardo\000002.jpg,masked\daniel_ricciardo_wearing_mask\000004.jpg,1
neutral\naomi_scott\000019.jpg,masked\nikita_mazepin_wearing_mask\000002.jpg,0
neutral\jayson_tatum\000017.jpg,masked\jayson_tatum_wearing_mask\000001.jpg,1
neutral\adrien_brody\000011.jpg,sunglasses\michelle_pfeiffer_wearing_sunglasses\000002.jpg,0
neutral\jake_gyllenhaal\000016.jpg,sunglasses\jake_gyllenhaal_wearing_sunglasses\000023.jpg,1
neutral\michael_b_jordan\000027.jpg,sunglasses\thomas_muller_wearing_sunglasses\000001.jpg,0
neutral\anthony_davis\000023.jpg,masked\anthony_davis_wearing_mask\000001.jpg,1
neutral\kevin_costner\000007.jpg,masked\immanuel_macron_wearing_mask\000020.jpg,0
neutral\ed_harris\000010.jpg,sunglasses\margot_robbie_wearing_sunglasses\000016.jpg,0
neutral\al_pacino\000007.jpg,masked\sebastian_vettel_wearing_mask\000007.jpg,0
neutral\emilia_clarke\000046.jpg,sunglasses\emilia_clarke_wearing_sunglasses\000013.jpg,1
neutral\alain_delon\000014.jpg,sunglasses\alain_delon_wearing_sunglasses\000009.jpg,1
neutral\jon_favreau\000049.jpg,sunglasses\jon_favreau_wearing_sunglasses\000009.jpg,1
neutral\brie_larson\000033.jpg,sunglasses\gary_peters_wearing_sunglasses\000002.jpg,0
neutral\virgil_van_dijk\000005.jpg,masked\virgil_van_dijk_wearing_mask\000001.jpg,1
neutral\morgan_freeman\000006.jpg,sunglasses\meryl_streep_wearing_sunglasses\000013.jpg,0
neutral\kevin_spacey\000007.jpg,masked\recep_tayip_erdogan_wearing_mask\000001.jpg,0
neutral\neymar\000006.jpg,sunglasses\nicolas_cage_wearing_sunglasses\000013.jpg,0
neutral\harrison_ford\000013.jpg,sunglasses\harrison_ford_wearing_sunglasses\000001.jpg,1
neutral\jean_castex\000022.jpg,sunglasses\jayson_tatum_wearing_sunglasses\000004.jpg,0
neutral\daniil_medvedev\000001.jpg,masked\daniil_medvedev_wearing_mask\000001.jpg,1
neutral\leonardo_dicaprio\000002.jpg,sunglasses\carlos_sainz_wearing_sunglasses\000004.jpg,0
neutral\esteban_ocon\000001.jpg,masked\patty_murray_wearing_mask\000002.jpg,0
neutral\dominic_thiem\000001.jpg,sunglasses\roger_federer_wearing_sunglasses\000003.jpg,0
neutral\elizabeth_warren\000020.jpg,sunglasses\christian_bale_wearing_sunglasses\000002.jpg,0
neutral\chuck_schumer\000026.jpg,sunglasses\chuck_schumer_wearing_sunglasses\000001.jpg,1
neutral\immanuel_macron\000017.jpg,masked\immanuel_macron_wearing_mask\000019.jpg,1
neutral\adrien_brody\000013.jpg,sunglasses\tom_cruise_wearing_sunglasses\000018.jpg,0
neutral\joe_biden\000026.jpg,sunglasses\nicolas_cage_wearing_sunglasses\000016.jpg,0
neutral\elon_musk\000005.jpg,masked\elon_musk_wearing_mask\000006.jpg,1
neutral\robert_downey_jr\000030.jpg,masked\jayson_tatum_wearing_mask\000001.jpg,0
neutral\naomi_osaka\000001.jpg,masked\lebron_james_wearing_mask\000004.jpg,0
neutral\immanuel_macron\000013.jpg,masked\chuck_schumer_wearing_mask\000011.jpg,0
neutral\george_russell\000004.jpg,masked\george_russell_wearing_mask\000003.jpg,1
neutral\karen_gillan\000054.jpg,masked\carlos_sainz_wearing_mask\000001.jpg,0
neutral\jack_nicholson\000003.jpg,sunglasses\jack_nicholson_wearing_sunglasses\000020.jpg,1
neutral\cory_booker\000025.jpg,masked\cory_booker_wearing_mask\000003.jpg,1
neutral\thomas_muller\000025.jpg,sunglasses\stefanos_tsitsipas_wearing_sunglasses\000001.jpg,0
neutral\kamala_haris\000022.jpg,masked\kamala_haris_wearing_mask\000009.jpg,1
neutral\carlos_sainz\000020.jpg,masked\carlos_sainz_wearing_mask\000001.jpg,1
neutral\carlos_sainz\000027.jpg,sunglasses\ben_mendelsohn_wearing_sunglasses\000035.jpg,0
neutral\jayson_tatum\000016.jpg,masked\jayson_tatum_wearing_mask\000001.jpg,1
neutral\bruno_fernandes\000029.jpg,masked\guiseppe_marotta_wearing_mask\000001.jpg,0
neutral\elon_musk\000029.jpg,masked\bernie_sanders_wearing_mask\000012.jpg,0
neutral\virgil_van_dijk\000015.jpg,sunglasses\virgil_van_dijk_wearing_sunglasses\000004.jpg,1
neutral\johnny_depp\000001.jpg,masked\sebastian_vettel_wearing_mask\000005.jpg,0
neutral\anthony_davis\000021.jpg,sunglasses\anthony_davis_wearing_sunglasses\000003.jpg,1
neutral\bruno_fernandes\000001.jpg,sunglasses\bruno_fernandes_wearing_sunglasses\000001.jpg,1
neutral\stefanos_tsitsipas\000022.jpg,masked\amy_klobuchar_wearing_mask\000003.jpg,0
neutral\stefanos_tsitsipas\000013.jpg,masked\immanuel_macron_wearing_mask\000020.jpg,0
neutral\daniel_ricciardo\000005.jpg,masked\daniel_ricciardo_wearing_mask\000004.jpg,1
neutral\christopher_walken\000011.jpg,sunglasses\christopher_walken_wearing_sunglasses\000001.jpg,1
neutral\lebron_james\000001.jpg,masked\lebron_james_wearing_mask\000001.jpg,1
neutral\diego_schwartzman\000006.jpg,masked\diego_schwartzman_wearing_mask\000001.jpg,1
neutral\roger_federer\000027.jpg,sunglasses\roger_federer_wearing_sunglasses\000009.jpg,1
neutral\ben_mendelsohn\000005.jpg,sunglasses\naomi_scott_wearing_sunglasses\000007.jpg,0
neutral\elon_musk\000035.jpg,sunglasses\giannis_antetokounmpo_wearing_sunglasses\000005.jpg,0
neutral\andrey_rublev\000019.jpg,masked\donald_trump_wearing_mask\000006.jpg,0
neutral\chris_evans\000041.jpg,sunglasses\chris_evans_wearing_sunglasses\000043.jpg,1
neutral\val_kilmer\000012.jpg,sunglasses\naomi_osaka_wearing_sunglasses\000001.jpg,0
neutral\jack_black\000012.jpg,sunglasses\jack_black_wearing_sunglasses\000014.jpg,1
neutral\andrey_rublev\000010.jpg,masked\andrey_rublev_wearing_mask\000003.jpg,1
neutral\edward_norton\000008.jpg,sunglasses\edward_norton_wearing_sunglasses\000003.jpg,1
neutral\robert_de_niro\000009.jpg,sunglasses\jamie_lee_curtis_wearing_sunglasses\000002.jpg,0
neutral\pom_klementieff\000026.jpg,sunglasses\robin_williams_wearing_sunglasses\000003.jpg,0
neutral\george_russell\000019.jpg,masked\george_russell_wearing_mask\000005.jpg,1
neutral\andrey_rublev\000009.jpg,sunglasses\steve_buscemi_wearing_sunglasses\000007.jpg,0
neutral\daniil_medvedev\000003.jpg,masked\jimmy_butler_wearing_mask\000001.jpg,0
neutral\mohamed_salah\000004.jpg,sunglasses\mohamed_salah_wearing_sunglasses\000002.jpg,1
neutral\joe_biden\000009.jpg,masked\joe_biden_wearing_mask\000006.jpg,1
neutral\jason_momoa\000040.jpg,sunglasses\jason_momoa_wearing_sunglasses\000002.jpg,1
neutral\dwayne_johnson\000013.jpg,masked\patrick_leahy_wearing_mask\000007.jpg,0
neutral\t_j_miller\000013.jpg,sunglasses\t_j_miller_wearing_sunglasses\000001.jpg,1
neutral\recep_tayip_erdogan\000012.jpg,masked\recep_tayip_erdogan_wearing_mask\000006.jpg,1
neutral\donald_trump\000009.jpg,masked\bernie_sanders_wearing_mask\000013.jpg,0
neutral\heath_ledger\000003.jpg,sunglasses\heath_ledger_wearing_sunglasses\000005.jpg,1
neutral\yuki_tsunoda\000008.jpg,masked\yuki_tsunoda_wearing_mask\000005.jpg,1
neutral\pom_klementieff\000026.jpg,sunglasses\pom_klementieff_wearing_sunglasses\000006.jpg,1
neutral\scarlett_johansson\000041.jpg,sunglasses\scarlett_johansson_wearing_sunglasses\000016.jpg,1
neutral\jack_black\000031.jpg,sunglasses\jack_black_wearing_sunglasses\000001.jpg,1
neutral\donnie_yen\000057.jpg,masked\rafael_nadal_wearing_mask\000002.jpg,0
neutral\amy_klobuchar\000011.jpg,masked\immanuel_macron_wearing_mask\000004.jpg,0
neutral\lewis_hamilton\000001.jpg,masked\lewis_hamilton_wearing_mask\000012.jpg,1
neutral\harrison_ford\000018.jpg,sunglasses\stefanos_tsitsipas_wearing_sunglasses\000001.jpg,0
neutral\kevin_bacon\000008.jpg,sunglasses\kevin_bacon_wearing_sunglasses\000004.jpg,1
neutral\matt_damon\000018.jpg,masked\bruno_fernandes_wearing_mask\000001.jpg,0
neutral\colin_farell\000004.jpg,sunglasses\antonio_banderas_wearing_sunglasses\000005.jpg,0
neutral\andrey_rublev\000010.jpg,masked\andrey_rublev_wearing_mask\000002.jpg,1
neutral\donnie_yen\000047.jpg,sunglasses\bill_gates_wearing_sunglasses\000001.jpg,0
neutral\colin_farell\000049.jpg,sunglasses\jason_momoa_wearing_sunglasses\000001.jpg,0
neutral\dick_durbin\000026.jpg,masked\dick_durbin_wearing_mask\000007.jpg,1
neutral\rafael_nadal\000007.jpg,masked\rafael_nadal_wearing_mask\000009.jpg,1
neutral\sebastian_vettel\000009.jpg,masked\sebastian_vettel_wearing_mask\000007.jpg,1
neutral\esteban_ocon\000009.jpg,sunglasses\jamie_lee_curtis_wearing_sunglasses\000007.jpg,0
neutral\thomas_muller\000017.jpg,masked\thomas_muller_wearing_mask\000003.jpg,1
neutral\tom_hardy\000001.jpg,sunglasses\mark_hamill_wearing_sunglasses\000003.jpg,0
neutral\yuki_tsunoda\000016.jpg,sunglasses\michael_b_jordan_wearing_sunglasses\000007.jpg,0
neutral\joe_manchin\000003.jpg,masked\joe_manchin_wearing_mask\000006.jpg,1
neutral\laurence_fishburne\000048.jpg,sunglasses\laurence_fishburne_wearing_sunglasses\000020.jpg,1
neutral\michael_keaton\000008.jpg,sunglasses\michael_keaton_wearing_sunglasses\000006.jpg,1
neutral\chuck_schumer\000007.jpg,sunglasses\jake_gyllenhaal_wearing_sunglasses\000005.jpg,0
neutral\patrick_leahy\000005.jpg,masked\patrick_leahy_wearing_mask\000003.jpg,1
neutral\donald_trump\000004.jpg,masked\donald_trump_wearing_mask\000004.jpg,1
neutral\john_ratzenberger\000018.jpg,sunglasses\john_ratzenberger_wearing_sunglasses\000005.jpg,1
